"調査年","地域","/項目","A4101_出生数【人】","A4200_死亡数【人】","A9101_婚姻件数【組】","A9201_離婚件数【組】"
"2017年度","兵庫県 神戸市 東灘区","","1,717","1,709","1,011","366"
"2017年度","兵庫県 神戸市 灘区","","1,118","1,256","671","210"
"2017年度","兵庫県 神戸市 兵庫区","","787","1,427","728","227"
"2017年度","兵庫県 神戸市 長田区","","585","1,368","484","204"
"2017年度","兵庫県 神戸市 須磨区","","1,140","1,757","701","290"
"2017年度","兵庫県 神戸市 垂水区","","1,837","2,376","933","402"
"2017年度","兵庫県 神戸市 北区","","1,396","2,202","779","358"
"2017年度","兵庫県 神戸市 中央区","","1,099","1,213","986","298"
"2017年度","兵庫県 神戸市 西区","","1,623","2,053","970","411"
"2017年度","兵庫県 姫路市","","4,315","5,448","2,746","927"
"2017年度","兵庫県 尼崎市","","3,731","5,006","2,770","905"
"2017年度","兵庫県 明石市","","2,694","2,727","1,608","524"
"2017年度","兵庫県 西宮市","","4,076","3,932","2,331","737"
"2017年度","兵庫県 洲本市","","295","640","170","62"
"2017年度","兵庫県 芦屋市","","671","945","382","156"
"2017年度","兵庫県 伊丹市","","1,708","1,638","1,040","327"
"2017年度","兵庫県 相生市","","223","417","111","33"
"2017年度","兵庫県 豊岡市","","582","1,119","350","115"
"2017年度","兵庫県 加古川市","","2,029","2,462","1,252","441"
"2017年度","兵庫県 赤穂市","","260","588","156","68"
"2017年度","兵庫県 西脇市","","265","482","144","64"
"2017年度","兵庫県 宝塚市","","1,696","2,048","788","342"
"2017年度","兵庫県 三木市","","472","856","290","113"
"2017年度","兵庫県 高砂市","","644","899","433","140"
"2017年度","兵庫県 川西市","","1,006","1,559","543","236"
"2017年度","兵庫県 小野市","","349","498","211","80"
"2017年度","兵庫県 三田市","","804","821","415","127"
"2017年度","兵庫県 加西市","","258","555","162","54"
"2017年度","兵庫県 篠山市","","270","583","141","58"
"2017年度","兵庫県 養父市","","159","417","68","35"
"2017年度","兵庫県 丹波市","","441","852","250","100"
"2017年度","兵庫県 南あわじ市","","316","637","150","53"
"2017年度","兵庫県 朝来市","","224","454","130","46"
"2017年度","兵庫県 淡路市","","268","701","130","58"
"2017年度","兵庫県 宍粟市","","221","533","111","55"
"2017年度","兵庫県 加東市","","336","362","205","70"
"2017年度","兵庫県 たつの市","","512","927","282","104"
"2017年度","兵庫県 猪名川町","","154","292","69","37"
"2017年度","兵庫県 多可町","","89","295","58","37"
"2017年度","兵庫県 稲美町","","192","315","103","36"
"2017年度","兵庫県 播磨町","","253","310","117","57"
"2017年度","兵庫県 市川町","","64","185","49","11"
"2017年度","兵庫県 福崎町","","135","236","79","24"
"2017年度","兵庫県 神河町","","52","157","38","13"
"2017年度","兵庫県 太子町","","240","283","129","50"
"2017年度","兵庫県 上郡町","","69","183","47","16"
"2017年度","兵庫県 佐用町","","79","298","53","13"
"2017年度","兵庫県 香美町","","80","311","59","10"
"2017年度","兵庫県 新温泉町","","71","252","47","13"
"2016年度","兵庫県 神戸市 東灘区","","1,817","1,773","1,129","327"
"2016年度","兵庫県 神戸市 灘区","","1,153","1,259","729","228"
"2016年度","兵庫県 神戸市 兵庫区","","832","1,429","716","246"
"2016年度","兵庫県 神戸市 長田区","","592","1,385","456","195"
"2016年度","兵庫県 神戸市 須磨区","","1,194","1,697","683","260"
"2016年度","兵庫県 神戸市 垂水区","","1,847","2,316","989","413"
"2016年度","兵庫県 神戸市 北区","","1,460","2,212","785","377"
"2016年度","兵庫県 神戸市 中央区","","1,166","1,272","1,013","294"
"2016年度","兵庫県 神戸市 西区","","1,725","2,007","1,006","375"
"2016年度","兵庫県 姫路市","","4,381","5,145","2,648","914"
"2016年度","兵庫県 尼崎市","","3,759","4,689","2,743","934"
"2016年度","兵庫県 明石市","","2,692","2,706","1,635","596"
"2016年度","兵庫県 西宮市","","4,345","3,772","2,314","755"
"2016年度","兵庫県 洲本市","","313","654","160","55"
"2016年度","兵庫県 芦屋市","","671","904","365","133"
"2016年度","兵庫県 伊丹市","","1,712","1,583","1,019","374"
"2016年度","兵庫県 相生市","","229","416","124","39"
"2016年度","兵庫県 豊岡市","","603","1,171","346","103"
"2016年度","兵庫県 加古川市","","2,232","2,388","1,222","431"
"2016年度","兵庫県 赤穂市","","311","609","199","60"
"2016年度","兵庫県 西脇市","","296","505","185","69"
"2016年度","兵庫県 宝塚市","","1,743","1,921","840","384"
"2016年度","兵庫県 三木市","","491","850","290","120"
"2016年度","兵庫県 高砂市","","699","872","437","166"
"2016年度","兵庫県 川西市","","1,047","1,477","544","240"
"2016年度","兵庫県 小野市","","370","453","209","78"
"2016年度","兵庫県 三田市","","766","841","406","157"
"2016年度","兵庫県 加西市","","292","519","162","55"
"2016年度","兵庫県 篠山市","","323","552","165","60"
"2016年度","兵庫県 養父市","","153","383","88","33"
"2016年度","兵庫県 丹波市","","467","898","236","89"
"2016年度","兵庫県 南あわじ市","","352","705","171","66"
"2016年度","兵庫県 朝来市","","240","500","145","46"
"2016年度","兵庫県 淡路市","","283","695","152","50"
"2016年度","兵庫県 宍粟市","","218","531","122","52"
"2016年度","兵庫県 加東市","","396","402","195","63"
"2016年度","兵庫県 たつの市","","541","887","293","110"
"2016年度","兵庫県 猪名川町","","160","258","67","40"
"2016年度","兵庫県 多可町","","107","290","64","36"
"2016年度","兵庫県 稲美町","","208","327","98","41"
"2016年度","兵庫県 播磨町","","277","283","127","53"
"2016年度","兵庫県 市川町","","53","175","49","19"
"2016年度","兵庫県 福崎町","","164","216","78","25"
"2016年度","兵庫県 神河町","","70","145","37","16"
"2016年度","兵庫県 太子町","","291","290","137","57"
"2016年度","兵庫県 上郡町","","75","201","59","20"
"2016年度","兵庫県 佐用町","","87","309","63","21"
"2016年度","兵庫県 香美町","","95","324","62","18"
"2016年度","兵庫県 新温泉町","","80","226","46","9"
"2015年度","兵庫県 神戸市 東灘区","","1,897","1,717","1,102","366"
"2015年度","兵庫県 神戸市 灘区","","1,176","1,265","723","236"
"2015年度","兵庫県 神戸市 兵庫区","","861","1,466","739","241"
"2015年度","兵庫県 神戸市 長田区","","630","1,353","503","211"
"2015年度","兵庫県 神戸市 須磨区","","1,142","1,605","694","277"
"2015年度","兵庫県 神戸市 垂水区","","1,855","2,391","949","371"
"2015年度","兵庫県 神戸市 北区","","1,500","2,198","825","372"
"2015年度","兵庫県 神戸市 中央区","","1,047","1,231","1,013","313"
"2015年度","兵庫県 神戸市 西区","","1,801","1,942","994","460"
"2015年度","兵庫県 姫路市","","4,597","5,188","2,717","1,000"
"2015年度","兵庫県 尼崎市","","3,909","4,731","2,765","984"
"2015年度","兵庫県 明石市","","2,634","2,670","1,500","560"
"2015年度","兵庫県 西宮市","","4,395","3,821","2,449","776"
"2015年度","兵庫県 洲本市","","270","691","190","85"
"2015年度","兵庫県 芦屋市","","716","872","407","156"
"2015年度","兵庫県 伊丹市","","1,768","1,663","1,105","439"
"2015年度","兵庫県 相生市","","212","400","133","34"
"2015年度","兵庫県 豊岡市","","599","1,117","348","144"
"2015年度","兵庫県 加古川市","","2,269","2,381","1,345","532"
"2015年度","兵庫県 赤穂市","","324","566","175","67"
"2015年度","兵庫県 西脇市","","305","482","164","67"
"2015年度","兵庫県 宝塚市","","1,745","1,985","901","331"
"2015年度","兵庫県 三木市","","476","769","291","125"
"2015年度","兵庫県 高砂市","","727","910","426","143"
"2015年度","兵庫県 川西市","","1,070","1,462","588","237"
"2015年度","兵庫県 小野市","","397","493","212","88"
"2015年度","兵庫県 三田市","","780","831","402","159"
"2015年度","兵庫県 加西市","","281","554","164","48"
"2015年度","兵庫県 篠山市","","277","587","158","58"
"2015年度","兵庫県 養父市","","146","415","85","22"
"2015年度","兵庫県 丹波市","","450","848","269","98"
"2015年度","兵庫県 南あわじ市","","362","694","191","69"
"2015年度","兵庫県 朝来市","","207","468","138","43"
"2015年度","兵庫県 淡路市","","299","756","156","63"
"2015年度","兵庫県 宍粟市","","239","581","144","55"
"2015年度","兵庫県 加東市","","369","376","223","64"
"2015年度","兵庫県 たつの市","","596","896","302","107"
"2015年度","兵庫県 猪名川町","","141","242","87","42"
"2015年度","兵庫県 多可町","","116","295","61","21"
"2015年度","兵庫県 稲美町","","207","326","123","48"
"2015年度","兵庫県 播磨町","","307","289","139","65"
"2015年度","兵庫県 市川町","","66","193","50","17"
"2015年度","兵庫県 福崎町","","158","203","82","25"
"2015年度","兵庫県 神河町","","70","159","37","14"
"2015年度","兵庫県 太子町","","284","255","158","71"
"2015年度","兵庫県 上郡町","","70","226","44","23"
"2015年度","兵庫県 佐用町","","87","306","61","17"
"2015年度","兵庫県 香美町","","106","274","46","15"
"2015年度","兵庫県 新温泉町","","75","248","44","15"
"2014年度","兵庫県 神戸市 東灘区","","1,823","1,736","1,147","325"
"2014年度","兵庫県 神戸市 灘区","","1,086","1,244","753","234"
"2014年度","兵庫県 神戸市 兵庫区","","816","1,384","723","239"
"2014年度","兵庫県 神戸市 長田区","","628","1,381","493","245"
"2014年度","兵庫県 神戸市 須磨区","","1,248","1,633","758","256"
"2014年度","兵庫県 神戸市 垂水区","","1,854","2,224","1,022","389"
"2014年度","兵庫県 神戸市 北区","","1,568","2,086","897","417"
"2014年度","兵庫県 神戸市 中央区","","1,022","1,208","987","306"
"2014年度","兵庫県 神戸市 西区","","1,893","1,934","988","427"
"2014年度","兵庫県 姫路市","","4,652","5,021","2,829","988"
"2014年度","兵庫県 尼崎市","","3,916","4,599","2,776","929"
"2014年度","兵庫県 明石市","","2,572","2,542","1,560","515"
"2014年度","兵庫県 西宮市","","4,443","3,771","2,490","806"
"2014年度","兵庫県 洲本市","","306","625","188","64"
"2014年度","兵庫県 芦屋市","","744","824","405","150"
"2014年度","兵庫県 伊丹市","","1,768","1,589","1,060","403"
"2014年度","兵庫県 相生市","","224","373","132","50"
"2014年度","兵庫県 豊岡市","","599","1,162","303","107"
"2014年度","兵庫県 加古川市","","2,263","2,359","1,332","460"
"2014年度","兵庫県 赤穂市","","354","520","195","58"
"2014年度","兵庫県 西脇市","","310","525","159","65"
"2014年度","兵庫県 宝塚市","","1,804","1,909","948","374"
"2014年度","兵庫県 三木市","","498","837","311","132"
"2014年度","兵庫県 高砂市","","684","893","446","145"
"2014年度","兵庫県 川西市","","1,109","1,394","588","252"
"2014年度","兵庫県 小野市","","372","490","209","86"
"2014年度","兵庫県 三田市","","807","764","417","135"
"2014年度","兵庫県 加西市","","276","561","175","62"
"2014年度","兵庫県 篠山市","","317","566","154","67"
"2014年度","兵庫県 養父市","","140","414","87","37"
"2014年度","兵庫県 丹波市","","494","911","285","91"
"2014年度","兵庫県 南あわじ市","","349","644","209","61"
"2014年度","兵庫県 朝来市","","237","465","131","58"
"2014年度","兵庫県 淡路市","","282","755","165","60"
"2014年度","兵庫県 宍粟市","","240","563","142","62"
"2014年度","兵庫県 加東市","","298","405","205","59"
"2014年度","兵庫県 たつの市","","579","924","325","129"
"2014年度","兵庫県 猪名川町","","182","253","79","44"
"2014年度","兵庫県 多可町","","116","283","82","28"
"2014年度","兵庫県 稲美町","","220","331","111","45"
"2014年度","兵庫県 播磨町","","282","256","142","60"
"2014年度","兵庫県 市川町","","62","167","40","15"
"2014年度","兵庫県 福崎町","","161","173","90","22"
"2014年度","兵庫県 神河町","","45","173","37","10"
"2014年度","兵庫県 太子町","","323","270","146","66"
"2014年度","兵庫県 上郡町","","83","194","47","17"
"2014年度","兵庫県 佐用町","","105","292","59","17"
"2014年度","兵庫県 香美町","","116","293","62","13"
"2014年度","兵庫県 新温泉町","","82","227","52","18"
"2013年度","兵庫県 神戸市 東灘区","","1,933","1,612","1,112","398"
"2013年度","兵庫県 神戸市 灘区","","1,178","1,222","761","226"
"2013年度","兵庫県 神戸市 兵庫区","","810","1,490","719","253"
"2013年度","兵庫県 神戸市 長田区","","581","1,319","514","211"
"2013年度","兵庫県 神戸市 須磨区","","1,198","1,602","775","285"
"2013年度","兵庫県 神戸市 垂水区","","1,885","2,327","1,108","414"
"2013年度","兵庫県 神戸市 北区","","1,559","2,011","857","395"
"2013年度","兵庫県 神戸市 中央区","","1,044","1,209","1,024","311"
"2013年度","兵庫県 神戸市 西区","","2,025","1,949","1,132","445"
"2013年度","兵庫県 姫路市","","4,820","5,107","2,935","1,082"
"2013年度","兵庫県 尼崎市","","4,066","4,541","2,888","1,009"
"2013年度","兵庫県 明石市","","2,588","2,583","1,627","543"
"2013年度","兵庫県 西宮市","","4,402","3,757","2,588","832"
"2013年度","兵庫県 洲本市","","283","623","184","64"
"2013年度","兵庫県 芦屋市","","770","836","442","161"
"2013年度","兵庫県 伊丹市","","1,909","1,557","1,079","414"
"2013年度","兵庫県 相生市","","216","401","149","47"
"2013年度","兵庫県 豊岡市","","677","1,114","357","120"
"2013年度","兵庫県 加古川市","","2,328","2,364","1,360","467"
"2013年度","兵庫県 赤穂市","","368","543","184","82"
"2013年度","兵庫県 西脇市","","317","540","172","73"
"2013年度","兵庫県 宝塚市","","1,931","1,894","937","334"
"2013年度","兵庫県 三木市","","508","847","301","104"
"2013年度","兵庫県 高砂市","","704","885","483","146"
"2013年度","兵庫県 川西市","","1,157","1,326","624","249"
"2013年度","兵庫県 小野市","","411","493","227","98"
"2013年度","兵庫県 三田市","","812","815","427","138"
"2013年度","兵庫県 加西市","","306","553","205","68"
"2013年度","兵庫県 篠山市","","287","588","160","82"
"2013年度","兵庫県 養父市","","153","462","86","32"
"2013年度","兵庫県 丹波市","","510","905","276","95"
"2013年度","兵庫県 南あわじ市","","353","737","178","70"
"2013年度","兵庫県 朝来市","","227","498","126","51"
"2013年度","兵庫県 淡路市","","295","709","180","54"
"2013年度","兵庫県 宍粟市","","269","568","148","59"
"2013年度","兵庫県 加東市","","390","401","186","85"
"2013年度","兵庫県 たつの市","","608","885","340","130"
"2013年度","兵庫県 猪名川町","","166","251","77","62"
"2013年度","兵庫県 多可町","","111","320","85","31"
"2013年度","兵庫県 稲美町","","228","321","138","42"
"2013年度","兵庫県 播磨町","","320","296","150","74"
"2013年度","兵庫県 市川町","","65","164","43","23"
"2013年度","兵庫県 福崎町","","167","219","71","30"
"2013年度","兵庫県 神河町","","45","175","37","13"
"2013年度","兵庫県 太子町","","307","289","146","76"
"2013年度","兵庫県 上郡町","","91","215","57","23"
"2013年度","兵庫県 佐用町","","86","304","59","20"
"2013年度","兵庫県 香美町","","108","314","59","17"
"2013年度","兵庫県 新温泉町","","101","225","53","9"
"2012年度","兵庫県 神戸市 東灘区","","1,853","1,615","1,155","356"
"2012年度","兵庫県 神戸市 灘区","","1,164","1,274","739","274"
"2012年度","兵庫県 神戸市 兵庫区","","825","1,430","680","278"
"2012年度","兵庫県 神戸市 長田区","","635","1,425","510","228"
"2012年度","兵庫県 神戸市 須磨区","","1,188","1,606","758","313"
"2012年度","兵庫県 神戸市 垂水区","","1,891","2,253","1,133","423"
"2012年度","兵庫県 神戸市 北区","","1,705","2,067","955","431"
"2012年度","兵庫県 神戸市 中央区","","1,058","1,265","1,025","309"
"2012年度","兵庫県 神戸市 西区","","2,038","1,819","1,185","434"
"2012年度","兵庫県 姫路市","","4,905","5,134","2,960","1,054"
"2012年度","兵庫県 尼崎市","","4,072","4,661","2,862","957"
"2012年度","兵庫県 明石市","","2,674","2,463","1,623","581"
"2012年度","兵庫県 西宮市","","4,475","3,571","2,673","838"
"2012年度","兵庫県 洲本市","","307","617","174","61"
"2012年度","兵庫県 芦屋市","","767","814","449","153"
"2012年度","兵庫県 伊丹市","","1,879","1,523","1,093","425"
"2012年度","兵庫県 相生市","","220","371","116","56"
"2012年度","兵庫県 豊岡市","","737","1,113","377","141"
"2012年度","兵庫県 加古川市","","2,436","2,149","1,360","492"
"2012年度","兵庫県 赤穂市","","364","546","207","72"
"2012年度","兵庫県 西脇市","","331","515","187","58"
"2012年度","兵庫県 宝塚市","","1,933","1,948","919","382"
"2012年度","兵庫県 三木市","","529","857","335","116"
"2012年度","兵庫県 高砂市","","737","831","443","195"
"2012年度","兵庫県 川西市","","1,139","1,348","609","262"
"2012年度","兵庫県 小野市","","425","515","221","69"
"2012年度","兵庫県 三田市","","795","777","422","169"
"2012年度","兵庫県 加西市","","298","519","182","57"
"2012年度","兵庫県 篠山市","","308","550","173","56"
"2012年度","兵庫県 養父市","","180","436","108","42"
"2012年度","兵庫県 丹波市","","478","900","284","130"
"2012年度","兵庫県 南あわじ市","","343","713","199","71"
"2012年度","兵庫県 朝来市","","247","495","165","44"
"2012年度","兵庫県 淡路市","","292","742","197","68"
"2012年度","兵庫県 宍粟市","","288","552","139","58"
"2012年度","兵庫県 加東市","","372","362","205","70"
"2012年度","兵庫県 たつの市","","662","843","340","137"
"2012年度","兵庫県 猪名川町","","183","230","82","46"
"2012年度","兵庫県 多可町","","130","322","73","33"
"2012年度","兵庫県 稲美町","","227","304","143","50"
"2012年度","兵庫県 播磨町","","313","298","168","74"
"2012年度","兵庫県 市川町","","63","174","42","20"
"2012年度","兵庫県 福崎町","","164","224","103","28"
"2012年度","兵庫県 神河町","","69","165","38","14"
"2012年度","兵庫県 太子町","","345","267","166","52"
"2012年度","兵庫県 上郡町","","91","198","61","12"
"2012年度","兵庫県 佐用町","","100","300","68","32"
"2012年度","兵庫県 香美町","","113","289","77","24"
"2012年度","兵庫県 新温泉町","","88","267","53","19"
"2011年度","兵庫県 神戸市 東灘区","","1,857","1,595","1,118","344"
"2011年度","兵庫県 神戸市 灘区","","1,201","1,192","785","251"
"2011年度","兵庫県 神戸市 兵庫区","","826","1,377","698","254"
"2011年度","兵庫県 神戸市 長田区","","687","1,313","523","244"
"2011年度","兵庫県 神戸市 須磨区","","1,266","1,585","743","317"
"2011年度","兵庫県 神戸市 垂水区","","1,983","2,235","1,106","423"
"2011年度","兵庫県 神戸市 北区","","1,761","1,964","884","437"
"2011年度","兵庫県 神戸市 中央区","","1,029","1,175","954","305"
"2011年度","兵庫県 神戸市 西区","","2,110","1,853","1,141","469"
"2011年度","兵庫県 姫路市","","4,939","5,027","2,925","1,094"
"2011年度","兵庫県 尼崎市","","4,232","4,597","2,921","1,070"
"2011年度","兵庫県 明石市","","2,629","2,499","1,647","591"
"2011年度","兵庫県 西宮市","","4,498","3,550","2,551","818"
"2011年度","兵庫県 洲本市","","348","649","186","78"
"2011年度","兵庫県 芦屋市","","789","792","461","193"
"2011年度","兵庫県 伊丹市","","1,971","1,474","1,125","441"
"2011年度","兵庫県 相生市","","225","417","126","43"
"2011年度","兵庫県 豊岡市","","690","1,036","362","121"
"2011年度","兵庫県 加古川市","","2,553","2,093","1,435","449"
"2011年度","兵庫県 赤穂市","","370","502","212","71"
"2011年度","兵庫県 西脇市","","339","519","173","62"
"2011年度","兵庫県 宝塚市","","1,901","1,772","1,031","341"
"2011年度","兵庫県 三木市","","553","827","324","124"
"2011年度","兵庫県 高砂市","","769","836","495","166"
"2011年度","兵庫県 川西市","","1,151","1,365","655","236"
"2011年度","兵庫県 小野市","","462","462","229","97"
"2011年度","兵庫県 三田市","","778","700","430","175"
"2011年度","兵庫県 加西市","","275","497","198","52"
"2011年度","兵庫県 篠山市","","320","539","193","72"
"2011年度","兵庫県 養父市","","164","406","98","37"
"2011年度","兵庫県 丹波市","","551","881","280","112"
"2011年度","兵庫県 南あわじ市","","370","674","193","54"
"2011年度","兵庫県 朝来市","","277","434","145","57"
"2011年度","兵庫県 淡路市","","327","715","165","77"
"2011年度","兵庫県 宍粟市","","307","510","164","53"
"2011年度","兵庫県 加東市","","346","356","218","70"
"2011年度","兵庫県 たつの市","","612","894","332","111"
"2011年度","兵庫県 猪名川町","","181","253","78","52"
"2011年度","兵庫県 多可町","","131","307","78","27"
"2011年度","兵庫県 稲美町","","211","294","122","46"
"2011年度","兵庫県 播磨町","","291","293","181","63"
"2011年度","兵庫県 市川町","","91","161","48","14"
"2011年度","兵庫県 福崎町","","148","182","105","35"
"2011年度","兵庫県 神河町","","64","175","33","13"
"2011年度","兵庫県 太子町","","329","261","179","63"
"2011年度","兵庫県 上郡町","","81","201","45","22"
"2011年度","兵庫県 佐用町","","120","319","67","23"
"2011年度","兵庫県 香美町","","132","272","63","27"
"2011年度","兵庫県 新温泉町","","106","229","58","14"
"2010年度","兵庫県 神戸市 東灘区","","1,930","1,517","1,144","408"
"2010年度","兵庫県 神戸市 灘区","","1,250","1,201","806","245"
"2010年度","兵庫県 神戸市 兵庫区","","856","1,449","750","273"
"2010年度","兵庫県 神戸市 長田区","","685","1,252","565","240"
"2010年度","兵庫県 神戸市 須磨区","","1,307","1,629","845","319"
"2010年度","兵庫県 神戸市 垂水区","","1,874","2,193","1,170","423"
"2010年度","兵庫県 神戸市 北区","","1,781","1,886","928","464"
"2010年度","兵庫県 神戸市 中央区","","960","1,174","978","302"
"2010年度","兵庫県 神戸市 西区","","2,022","1,747","1,209","452"
"2010年度","兵庫県 姫路市","","4,931","4,837","3,120","1,101"
"2010年度","兵庫県 尼崎市","","4,289","4,408","3,072","1,110"
"2010年度","兵庫県 明石市","","2,646","2,470","1,739","664"
"2010年度","兵庫県 西宮市","","4,653","3,546","2,669","868"
"2010年度","兵庫県 洲本市","","379","641","206","83"
"2010年度","兵庫県 芦屋市","","840","815","485","169"
"2010年度","兵庫県 伊丹市","","2,078","1,424","1,200","459"
"2010年度","兵庫県 相生市","","232","357","138","47"
"2010年度","兵庫県 豊岡市","","769","1,143","400","135"
"2010年度","兵庫県 加古川市","","2,423","2,123","1,499","516"
"2010年度","兵庫県 赤穂市","","380","561","217","76"
"2010年度","兵庫県 西脇市","","353","494","182","75"
"2010年度","兵庫県 宝塚市","","1,941","1,655","1,050","392"
"2010年度","兵庫県 三木市","","495","775","337","126"
"2010年度","兵庫県 高砂市","","842","855","510","166"
"2010年度","兵庫県 川西市","","1,198","1,269","637","273"
"2010年度","兵庫県 小野市","","422","457","225","80"
"2010年度","兵庫県 三田市","","800","715","436","159"
"2010年度","兵庫県 加西市","","294","549","201","67"
"2010年度","兵庫県 篠山市","","301","589","180","69"
"2010年度","兵庫県 養父市","","189","399","104","24"
"2010年度","兵庫県 丹波市","","533","877","327","105"
"2010年度","兵庫県 南あわじ市","","382","684","212","88"
"2010年度","兵庫県 朝来市","","248","430","167","55"
"2010年度","兵庫県 淡路市","","292","752","207","60"
"2010年度","兵庫県 宍粟市","","297","548","166","50"
"2010年度","兵庫県 加東市","","368","361","199","57"
"2010年度","兵庫県 たつの市","","633","856","375","106"
"2010年度","兵庫県 猪名川町","","234","222","85","51"
"2010年度","兵庫県 多可町","","138","311","83","29"
"2010年度","兵庫県 稲美町","","188","284","126","57"
"2010年度","兵庫県 播磨町","","291","269","191","73"
"2010年度","兵庫県 市川町","","64","180","48","19"
"2010年度","兵庫県 福崎町","","166","225","79","32"
"2010年度","兵庫県 神河町","","76","155","38","14"
"2010年度","兵庫県 太子町","","380","242","178","61"
"2010年度","兵庫県 上郡町","","91","244","72","22"
"2010年度","兵庫県 佐用町","","98","286","76","28"
"2010年度","兵庫県 香美町","","133","295","70","30"
"2010年度","兵庫県 新温泉町","","102","217","51","16"
"2009年度","兵庫県 神戸市 東灘区","","1,873","1,427","1,267","445"
"2009年度","兵庫県 神戸市 灘区","","1,133","1,140","872","250"
"2009年度","兵庫県 神戸市 兵庫区","","884","1,325","757","259"
"2009年度","兵庫県 神戸市 長田区","","749","1,294","620","259"
"2009年度","兵庫県 神戸市 須磨区","","1,330","1,465","861","317"
"2009年度","兵庫県 神戸市 垂水区","","1,929","1,945","1,155","433"
"2009年度","兵庫県 神戸市 北区","","1,780","1,767","1,013","445"
"2009年度","兵庫県 神戸市 中央区","","907","1,125","953","277"
"2009年度","兵庫県 神戸市 西区","","2,146","1,659","1,199","491"
"2009年度","兵庫県 姫路市","","4,904","4,668","2,966","1,118"
"2009年度","兵庫県 尼崎市","","4,131","4,128","3,172","1,074"
"2009年度","兵庫県 明石市","","2,760","2,430","1,683","619"
"2009年度","兵庫県 西宮市","","4,652","3,332","2,850","895"
"2009年度","兵庫県 洲本市","","353","587","240","82"
"2009年度","兵庫県 芦屋市","","805","758","482","177"
"2009年度","兵庫県 伊丹市","","1,893","1,393","1,155","423"
"2009年度","兵庫県 相生市","","216","377","147","58"
"2009年度","兵庫県 豊岡市","","717","993","431","141"
"2009年度","兵庫県 加古川市","","2,390","2,013","1,486","548"
"2009年度","兵庫県 赤穂市","","372","483","198","78"
"2009年度","兵庫県 西脇市","","318","450","193","58"
"2009年度","兵庫県 宝塚市","","1,966","1,645","1,032","386"
"2009年度","兵庫県 三木市","","531","735","324","124"
"2009年度","兵庫県 高砂市","","840","778","515","161"
"2009年度","兵庫県 川西市","","1,193","1,181","624","271"
"2009年度","兵庫県 小野市","","450","436","212","98"
"2009年度","兵庫県 三田市","","743","687","428","166"
"2009年度","兵庫県 加西市","","315","500","177","62"
"2009年度","兵庫県 篠山市","","341","553","187","67"
"2009年度","兵庫県 養父市","","172","376","99","31"
"2009年度","兵庫県 丹波市","","494","911","277","105"
"2009年度","兵庫県 南あわじ市","","379","653","225","95"
"2009年度","兵庫県 朝来市","","243","460","141","56"
"2009年度","兵庫県 淡路市","","331","647","161","67"
"2009年度","兵庫県 宍粟市","","312","525","172","74"
"2009年度","兵庫県 加東市","","398","354","199","61"
"2009年度","兵庫県 たつの市","","644","812","375","117"
"2009年度","兵庫県 猪名川町","","242","209","95","59"
"2009年度","兵庫県 多可町","","137","285","67","34"
"2009年度","兵庫県 稲美町","","219","291","131","50"
"2009年度","兵庫県 播磨町","","273","253","171","64"
"2009年度","兵庫県 市川町","","86","149","56","12"
"2009年度","兵庫県 福崎町","","154","190","84","28"
"2009年度","兵庫県 神河町","","92","182","35","21"
"2009年度","兵庫県 太子町","","356","244","202","74"
"2009年度","兵庫県 上郡町","","98","203","75","20"
"2009年度","兵庫県 佐用町","","98","314","74","25"
"2009年度","兵庫県 香美町","","126","309","83","20"
"2009年度","兵庫県 新温泉町","","117","223","59","13"
"2008年度","兵庫県 神戸市 東灘区","","1,876","1,450","1,253","415"
"2008年度","兵庫県 神戸市 灘区","","1,139","1,097","828","251"
"2008年度","兵庫県 神戸市 兵庫区","","826","1,364","762","274"
"2008年度","兵庫県 神戸市 長田区","","725","1,279","570","245"
"2008年度","兵庫県 神戸市 須磨区","","1,246","1,399","787","308"
"2008年度","兵庫県 神戸市 垂水区","","1,902","1,980","1,115","408"
"2008年度","兵庫県 神戸市 北区","","1,805","1,821","1,023","459"
"2008年度","兵庫県 神戸市 中央区","","953","1,090","938","302"
"2008年度","兵庫県 神戸市 西区","","2,203","1,655","1,212","481"
"2008年度","兵庫県 姫路市","","5,088","4,528","3,143","1,054"
"2008年度","兵庫県 尼崎市","","4,385","4,296","3,150","1,059"
"2008年度","兵庫県 明石市","","2,737","2,295","1,786","637"
"2008年度","兵庫県 西宮市","","4,827","3,326","2,922","880"
"2008年度","兵庫県 洲本市","","363","601","224","87"
"2008年度","兵庫県 芦屋市","","851","720","483","179"
"2008年度","兵庫県 伊丹市","","2,030","1,430","1,224","406"
"2008年度","兵庫県 相生市","","229","381","145","42"
"2008年度","兵庫県 豊岡市","","764","1,043","403","142"
"2008年度","兵庫県 加古川市","","2,369","2,031","1,460","508"
"2008年度","兵庫県 赤穂市","","424","491","233","76"
"2008年度","兵庫県 西脇市","","372","458","189","81"
"2008年度","兵庫県 宝塚市","","1,981","1,591","1,090","380"
"2008年度","兵庫県 三木市","","616","775","346","145"
"2008年度","兵庫県 高砂市","","828","803","519","177"
"2008年度","兵庫県 川西市","","1,284","1,238","737","265"
"2008年度","兵庫県 小野市","","451","465","233","91"
"2008年度","兵庫県 三田市","","707","680","493","175"
"2008年度","兵庫県 加西市","","322","527","210","60"
"2008年度","兵庫県 篠山市","","319","592","180","67"
"2008年度","兵庫県 養父市","","181","386","112","32"
"2008年度","兵庫県 丹波市","","541","913","284","115"
"2008年度","兵庫県 南あわじ市","","379","671","198","92"
"2008年度","兵庫県 朝来市","","203","404","140","66"
"2008年度","兵庫県 淡路市","","334","679","204","68"
"2008年度","兵庫県 宍粟市","","340","558","177","46"
"2008年度","兵庫県 加東市","","399","350","216","65"
"2008年度","兵庫県 たつの市","","655","907","382","101"
"2008年度","兵庫県 猪名川町","","225","182","91","53"
"2008年度","兵庫県 多可町","","166","266","99","28"
"2008年度","兵庫県 稲美町","","218","300","114","46"
"2008年度","兵庫県 播磨町","","299","247","168","71"
"2008年度","兵庫県 市川町","","96","175","56","23"
"2008年度","兵庫県 福崎町","","179","200","94","19"
"2008年度","兵庫県 神河町","","75","150","41","19"
"2008年度","兵庫県 太子町","","423","232","170","71"
"2008年度","兵庫県 上郡町","","112","204","78","18"
"2008年度","兵庫県 佐用町","","129","323","65","31"
"2008年度","兵庫県 香美町","","149","283","72","23"
"2008年度","兵庫県 新温泉町","","108","238","67","17"
"2007年度","兵庫県 神戸市 東灘区","","1,918","1,380","1,237","409"
"2007年度","兵庫県 神戸市 灘区","","1,053","1,092","808","251"
"2007年度","兵庫県 神戸市 兵庫区","","811","1,266","758","260"
"2007年度","兵庫県 神戸市 長田区","","721","1,233","557","239"
"2007年度","兵庫県 神戸市 須磨区","","1,313","1,404","831","330"
"2007年度","兵庫県 神戸市 垂水区","","1,815","1,896","1,170","430"
"2007年度","兵庫県 神戸市 北区","","1,796","1,736","999","402"
"2007年度","兵庫県 神戸市 中央区","","893","1,071","945","323"
"2007年度","兵庫県 神戸市 西区","","2,176","1,573","1,242","469"
"2007年度","兵庫県 姫路市","","5,153","4,549","3,130","1,144"
"2007年度","兵庫県 尼崎市","","4,312","4,217","3,144","1,056"
"2007年度","兵庫県 明石市","","2,647","2,183","1,680","632"
"2007年度","兵庫県 西宮市","","5,062","3,313","2,801","897"
"2007年度","兵庫県 洲本市","","389","644","215","85"
"2007年度","兵庫県 芦屋市","","886","747","549","177"
"2007年度","兵庫県 伊丹市","","2,065","1,385","1,313","406"
"2007年度","兵庫県 相生市","","253","372","114","61"
"2007年度","兵庫県 豊岡市","","712","1,010","399","166"
"2007年度","兵庫県 加古川市","","2,367","2,011","1,444","548"
"2007年度","兵庫県 赤穂市","","412","514","252","80"
"2007年度","兵庫県 西脇市","","353","440","229","78"
"2007年度","兵庫県 宝塚市","","1,934","1,626","1,119","383"
"2007年度","兵庫県 三木市","","533","790","335","152"
"2007年度","兵庫県 高砂市","","809","770","526","168"
"2007年度","兵庫県 川西市","","1,221","1,257","637","257"
"2007年度","兵庫県 小野市","","452","418","238","87"
"2007年度","兵庫県 三田市","","715","673","435","183"
"2007年度","兵庫県 加西市","","354","438","171","45"
"2007年度","兵庫県 篠山市","","321","537","201","70"
"2007年度","兵庫県 養父市","","191","389","115","25"
"2007年度","兵庫県 丹波市","","527","831","308","111"
"2007年度","兵庫県 南あわじ市","","406","625","217","86"
"2007年度","兵庫県 朝来市","","281","420","151","57"
"2007年度","兵庫県 淡路市","","354","660","191","66"
"2007年度","兵庫県 宍粟市","","319","516","176","50"
"2007年度","兵庫県 加東市","","390","383","219","72"
"2007年度","兵庫県 たつの市","","576","883","396","141"
"2007年度","兵庫県 猪名川町","","281","197","106","47"
"2007年度","兵庫県 多可町","","149","246","90","27"
"2007年度","兵庫県 稲美町","","221","235","141","49"
"2007年度","兵庫県 播磨町","","304","219","177","69"
"2007年度","兵庫県 市川町","","69","152","64","23"
"2007年度","兵庫県 福崎町","","183","189","109","30"
"2007年度","兵庫県 神河町","","91","172","34","17"
"2007年度","兵庫県 太子町","","389","213","187","57"
"2007年度","兵庫県 上郡町","","109","202","71","39"
"2007年度","兵庫県 佐用町","","126","327","55","29"
"2007年度","兵庫県 香美町","","135","253","85","22"
"2007年度","兵庫県 新温泉町","","138","220","62","16"
"2006年度","兵庫県 神戸市 東灘区","","1,979","1,330","1,231","409"
"2006年度","兵庫県 神戸市 灘区","","1,085","1,062","798","289"
"2006年度","兵庫県 神戸市 兵庫区","","883","1,244","737","273"
"2006年度","兵庫県 神戸市 長田区","","746","1,163","572","260"
"2006年度","兵庫県 神戸市 須磨区","","1,274","1,417","848","319"
"2006年度","兵庫県 神戸市 垂水区","","1,895","1,792","1,123","446"
"2006年度","兵庫県 神戸市 北区","","1,772","1,761","973","423"
"2006年度","兵庫県 神戸市 中央区","","945","1,125","938","326"
"2006年度","兵庫県 神戸市 西区","","2,141","1,556","1,311","464"
"2006年度","兵庫県 姫路市","","5,135","4,396","3,136","1,126"
"2006年度","兵庫県 尼崎市","","4,305","4,029","3,236","1,091"
"2006年度","兵庫県 明石市","","2,746","2,254","1,670","642"
"2006年度","兵庫県 西宮市","","4,740","3,098","3,022","857"
"2006年度","兵庫県 洲本市","","403","618","227","96"
"2006年度","兵庫県 芦屋市","","862","702","589","162"
"2006年度","兵庫県 伊丹市","","1,923","1,302","1,305","408"
"2006年度","兵庫県 相生市","","245","367","161","43"
"2006年度","兵庫県 豊岡市","","797","980","445","143"
"2006年度","兵庫県 加古川市","","2,384","1,908","1,427","561"
"2006年度","兵庫県 赤穂市","","371","467","250","69"
"2006年度","兵庫県 西脇市","","353","452","235","70"
"2006年度","兵庫県 宝塚市","","2,062","1,562","1,094","387"
"2006年度","兵庫県 三木市","","585","758","376","133"
"2006年度","兵庫県 高砂市","","844","676","515","186"
"2006年度","兵庫県 川西市","","1,265","1,168","715","266"
"2006年度","兵庫県 小野市","","472","431","249","98"
"2006年度","兵庫県 三田市","","712","684","420","179"
"2006年度","兵庫県 加西市","","340","504","228","78"
"2006年度","兵庫県 篠山市","","297","552","217","76"
"2006年度","兵庫県 養父市","","210","375","98","45"
"2006年度","兵庫県 丹波市","","530","853","325","112"
"2006年度","兵庫県 南あわじ市","","387","626","219","94"
"2006年度","兵庫県 朝来市","","252","377","162","62"
"2006年度","兵庫県 淡路市","","327","674","198","66"
"2006年度","兵庫県 宍粟市","","332","498","186","68"
"2006年度","兵庫県 加東市","","374","351","240","73"
"2006年度","兵庫県 たつの市","","630","749","379","117"
"2006年度","兵庫県 猪名川町","","221","199","99","53"
"2006年度","兵庫県 多可町","","189","272","84","28"
"2006年度","兵庫県 稲美町","","228","253","145","51"
"2006年度","兵庫県 播磨町","","288","258","198","57"
"2006年度","兵庫県 市川町","","83","145","47","25"
"2006年度","兵庫県 福崎町","","182","168","89","22"
"2006年度","兵庫県 神河町","","94","158","58","13"
"2006年度","兵庫県 太子町","","375","241","185","63"
"2006年度","兵庫県 上郡町","","108","166","78","23"
"2006年度","兵庫県 佐用町","","133","262","61","27"
"2006年度","兵庫県 香美町","","134","280","71","21"
"2006年度","兵庫県 新温泉町","","133","213","74","14"
"2005年度","兵庫県 神戸市 東灘区","","1,922","1,298","1,225","403"
"2005年度","兵庫県 神戸市 灘区","","1,083","1,045","757","250"
"2005年度","兵庫県 神戸市 兵庫区","","812","1,307","723","307"
"2005年度","兵庫県 神戸市 長田区","","756","1,198","560","244"
"2005年度","兵庫県 神戸市 須磨区","","1,256","1,329","822","340"
"2005年度","兵庫県 神戸市 垂水区","","1,887","1,944","1,168","429"
"2005年度","兵庫県 神戸市 北区","","1,673","1,660","1,013","456"
"2005年度","兵庫県 神戸市 中央区","","855","1,023","910","334"
"2005年度","兵庫県 神戸市 西区","","2,034","1,463","1,180","471"
"2005年度","兵庫県 姫路市","","4,933","4,443","3,089","1,217"
"2005年度","兵庫県 尼崎市","","4,083","4,099","3,066","1,190"
"2005年度","兵庫県 明石市","","2,620","2,233","1,689","638"
"2005年度","兵庫県 西宮市","","4,539","3,188","2,933","940"
"2005年度","兵庫県 洲本市","","402","599","231","94"
"2005年度","兵庫県 芦屋市","","812","729","557","154"
"2005年度","兵庫県 伊丹市","","1,979","1,269","1,254","472"
"2005年度","兵庫県 相生市","","234","350","163","50"
"2005年度","兵庫県 豊岡市","","732","995","449","161"
"2005年度","兵庫県 加古川市","","2,290","1,961","1,417","590"
"2005年度","兵庫県 赤穂市","","384","474","218","93"
"2005年度","兵庫県 西脇市","","340","418","219","79"
"2005年度","兵庫県 宝塚市","","1,894","1,587","1,105","443"
"2005年度","兵庫県 三木市","","544","712","320","142"
"2005年度","兵庫県 高砂市","","863","784","544","187"
"2005年度","兵庫県 川西市","","1,247","1,163","683","275"
"2005年度","兵庫県 小野市","","465","396","253","92"
"2005年度","兵庫県 三田市","","732","662","410","177"
"2005年度","兵庫県 加西市","","373","493","188","61"
"2005年度","兵庫県 篠山市","","303","522","175","77"
"2005年度","兵庫県 養父市","","225","377","109","31"
"2005年度","兵庫県 丹波市","","524","826","312","130"
"2005年度","兵庫県 南あわじ市","","401","616","228","71"
"2005年度","兵庫県 朝来市","","272","432","135","40"
"2005年度","兵庫県 淡路市","","315","661","186","59"
"2005年度","兵庫県 宍粟市","","359","505","191","54"
"2005年度","兵庫県 加東市","","400","368","227","66"
"2005年度","兵庫県 たつの市","","648","823","353","116"
"2005年度","兵庫県 猪名川町","","205","184","91","30"
"2005年度","兵庫県 多可町","","171","300","103","37"
"2005年度","兵庫県 稲美町","","229","255","126","61"
"2005年度","兵庫県 播磨町","","249","232","160","76"
"2005年度","兵庫県 市川町","","100","155","59","13"
"2005年度","兵庫県 福崎町","","152","195","108","36"
"2005年度","兵庫県 神河町","","84","161","46","16"
"2005年度","兵庫県 太子町","","359","241","191","70"
"2005年度","兵庫県 上郡町","","140","172","54","31"
"2005年度","兵庫県 佐用町","","118","313","96","29"
"2005年度","兵庫県 香美町","","149","286","85","21"
"2005年度","兵庫県 新温泉町","","126","211","55","16"
"2004年度","兵庫県 神戸市 東灘区","","1,902","1,236","1,193","377"
"2004年度","兵庫県 神戸市 灘区","","1,176","1,014","818","297"
"2004年度","兵庫県 神戸市 兵庫区","","821","1,201","673","285"
"2004年度","兵庫県 神戸市 長田区","","712","1,157","546","266"
"2004年度","兵庫県 神戸市 須磨区","","1,277","1,292","796","386"
"2004年度","兵庫県 神戸市 垂水区","","2,064","1,761","1,230","474"
"2004年度","兵庫県 神戸市 北区","","1,788","1,581","1,004","467"
"2004年度","兵庫県 神戸市 中央区","","902","1,007","833","301"
"2004年度","兵庫県 神戸市 西区","","2,080","1,409","1,161","491"
"2004年度","兵庫県 姫路市","","5,239","4,376","3,128","1,288"
"2004年度","兵庫県 尼崎市","","4,376","3,941","3,081","1,170"
"2004年度","兵庫県 明石市","","2,712","2,077","1,748","710"
"2004年度","兵庫県 西宮市","","4,728","3,019","2,709","906"
"2004年度","兵庫県 洲本市","","456","605","262","98"
"2004年度","兵庫県 芦屋市","","859","668","541","162"
"2004年度","兵庫県 伊丹市","","2,057","1,217","1,308","475"
"2004年度","兵庫県 相生市","","201","364","145","50"
"2004年度","兵庫県 豊岡市","","746","965","467","150"
"2004年度","兵庫県 加古川市","","2,429","1,795","1,422","578"
"2004年度","兵庫県 赤穂市","","454","438","228","96"
"2004年度","兵庫県 西脇市","","409","403","223","85"
"2004年度","兵庫県 宝塚市","","2,027","1,460","1,146","456"
"2004年度","兵庫県 三木市","","609","674","313","156"
"2004年度","兵庫県 高砂市","","869","702","491","205"
"2004年度","兵庫県 川西市","","1,319","1,100","729","279"
"2004年度","兵庫県 小野市","","506","390","266","98"
"2004年度","兵庫県 三田市","","822","569","421","157"
"2004年度","兵庫県 加西市","","425","481","236","70"
"2004年度","兵庫県 篠山市","","350","507","183","59"
"2004年度","兵庫県 養父市","","200","383","93","43"
"2004年度","兵庫県 丹波市","","626","802","309","130"
"2004年度","兵庫県 南あわじ市","","410","654","226","102"
"2004年度","兵庫県 朝来市","","286","412","159","56"
"2004年度","兵庫県 淡路市","","349","639","172","88"
"2004年度","兵庫県 宍粟市","","348","538","187","54"
"2004年度","兵庫県 加東市","","408","342","210","55"
"2004年度","兵庫県 たつの市","","655","762","372","125"
"2004年度","兵庫県 猪名川町","","168","158","91","38"
"2004年度","兵庫県 多可町","","183","253","102","30"
"2004年度","兵庫県 稲美町","","248","228","143","67"
"2004年度","兵庫県 播磨町","","298","251","180","69"
"2004年度","兵庫県 市川町","","86","134","51","15"
"2004年度","兵庫県 福崎町","","181","176","99","31"
"2004年度","兵庫県 神河町","","99","163","53","10"
"2004年度","兵庫県 太子町","","391","213","188","71"
"2004年度","兵庫県 上郡町","","127","180","81","30"
"2004年度","兵庫県 佐用町","","122","305","83","24"
"2004年度","兵庫県 香美町","","154","282","68","16"
"2004年度","兵庫県 新温泉町","","135","210","73","23"
"2003年度","兵庫県 神戸市 東灘区","","2,077","1,282","1,258","454"
"2003年度","兵庫県 神戸市 灘区","","1,109","1,066","807","289"
"2003年度","兵庫県 神戸市 兵庫区","","860","1,196","713","300"
"2003年度","兵庫県 神戸市 長田区","","721","1,158","581","311"
"2003年度","兵庫県 神戸市 須磨区","","1,400","1,256","873","377"
"2003年度","兵庫県 神戸市 垂水区","","2,083","1,728","1,240","538"
"2003年度","兵庫県 神戸市 北区","","1,796","1,600","1,002","483"
"2003年度","兵庫県 神戸市 中央区","","782","969","782","328"
"2003年度","兵庫県 神戸市 西区","","2,144","1,430","1,196","549"
"2003年度","兵庫県 姫路市","","5,397","4,124","3,230","1,296"
"2003年度","兵庫県 尼崎市","","4,442","3,771","3,148","1,207"
"2003年度","兵庫県 明石市","","2,856","2,108","1,796","707"
"2003年度","兵庫県 西宮市","","4,707","2,926","2,950","941"
"2003年度","兵庫県 洲本市","","446","564","251","92"
"2003年度","兵庫県 芦屋市","","784","660","539","204"
"2003年度","兵庫県 伊丹市","","2,077","1,193","1,363","478"
"2003年度","兵庫県 相生市","","242","348","127","51"
"2003年度","兵庫県 豊岡市","","801","913","447","165"
"2003年度","兵庫県 加古川市","","2,533","1,772","1,500","600"
"2003年度","兵庫県 赤穂市","","466","424","239","84"
"2003年度","兵庫県 西脇市","","377","420","225","86"
"2003年度","兵庫県 宝塚市","","2,069","1,473","1,129","431"
"2003年度","兵庫県 三木市","","583","699","378","141"
"2003年度","兵庫県 高砂市","","862","699","530","244"
"2003年度","兵庫県 川西市","","1,287","1,114","755","253"
"2003年度","兵庫県 小野市","","475","409","283","105"
"2003年度","兵庫県 三田市","","844","606","430","199"
"2003年度","兵庫県 加西市","","359","417","228","80"
"2003年度","兵庫県 篠山市","","329","512","169","74"
"2003年度","兵庫県 養父市","","224","395","122","53"
"2003年度","兵庫県 丹波市","","579","835","339","123"
"2003年度","兵庫県 南あわじ市","","420","638","244","91"
"2003年度","兵庫県 朝来市","","312","381","163","64"
"2003年度","兵庫県 淡路市","","356","642","210","90"
"2003年度","兵庫県 宍粟市","","349","475","197","73"
"2003年度","兵庫県 加東市","","447","336","214","77"
"2003年度","兵庫県 たつの市","","712","760","405","123"
"2003年度","兵庫県 猪名川町","","172","197","74","38"
"2003年度","兵庫県 多可町","","226","270","99","34"
"2003年度","兵庫県 稲美町","","226","236","129","48"
"2003年度","兵庫県 播磨町","","296","216","185","78"
"2003年度","兵庫県 市川町","","94","118","70","27"
"2003年度","兵庫県 福崎町","","167","173","108","41"
"2003年度","兵庫県 神河町","","93","144","58","17"
"2003年度","兵庫県 太子町","","368","224","220","70"
"2003年度","兵庫県 上郡町","","128","181","74","23"
"2003年度","兵庫県 佐用町","","139","272","81","35"
"2003年度","兵庫県 香美町","","165","284","74","18"
"2003年度","兵庫県 新温泉町","","139","236","81","25"
"2002年度","兵庫県 神戸市 東灘区","","2,162","1,170","1,376","409"
"2002年度","兵庫県 神戸市 灘区","","1,122","994","881","311"
"2002年度","兵庫県 神戸市 兵庫区","","876","1,182","735","366"
"2002年度","兵庫県 神戸市 長田区","","779","1,008","577","328"
"2002年度","兵庫県 神戸市 須磨区","","1,402","1,279","907","409"
"2002年度","兵庫県 神戸市 垂水区","","2,049","1,668","1,367","562"
"2002年度","兵庫県 神戸市 北区","","1,703","1,535","1,070","547"
"2002年度","兵庫県 神戸市 中央区","","777","995","784","334"
"2002年度","兵庫県 神戸市 西区","","2,138","1,307","1,285","550"
"2002年度","兵庫県 姫路市","","5,670","4,036","3,331","1,410"
"2002年度","兵庫県 尼崎市","","4,625","3,666","3,277","1,353"
"2002年度","兵庫県 明石市","","3,008","1,980","1,794","733"
"2002年度","兵庫県 西宮市","","4,852","2,734","2,978","944"
"2002年度","兵庫県 洲本市","","446","572","258","118"
"2002年度","兵庫県 芦屋市","","866","660","596","188"
"2002年度","兵庫県 伊丹市","","2,116","1,200","1,347","508"
"2002年度","兵庫県 相生市","","272","356","150","61"
"2002年度","兵庫県 豊岡市","","818","944","437","178"
"2002年度","兵庫県 加古川市","","2,692","1,757","1,583","647"
"2002年度","兵庫県 赤穂市","","478","448","272","77"
"2002年度","兵庫県 西脇市","","432","419","231","97"
"2002年度","兵庫県 宝塚市","","2,155","1,360","1,205","447"
"2002年度","兵庫県 三木市","","625","661","347","159"
"2002年度","兵庫県 高砂市","","968","650","511","209"
"2002年度","兵庫県 川西市","","1,337","1,024","795","257"
"2002年度","兵庫県 小野市","","527","343","273","98"
"2002年度","兵庫県 三田市","","858","476","466","192"
"2002年度","兵庫県 加西市","","440","412","245","74"
"2002年度","兵庫県 篠山市","","381","484","214","81"
"2002年度","兵庫県 養父市","","224","331","113","52"
"2002年度","兵庫県 丹波市","","658","790","296","125"
"2002年度","兵庫県 南あわじ市","","433","654","227","102"
"2002年度","兵庫県 朝来市","","328","374","181","72"
"2002年度","兵庫県 淡路市","","403","594","209","74"
"2002年度","兵庫県 宍粟市","","377","473","197","84"
"2002年度","兵庫県 加東市","","432","309","218","87"
"2002年度","兵庫県 たつの市","","695","769","410","140"
"2002年度","兵庫県 猪名川町","","159","176","104","48"
"2002年度","兵庫県 多可町","","209","223","103","33"
"2002年度","兵庫県 稲美町","","247","246","157","63"
"2002年度","兵庫県 播磨町","","284","218","186","93"
"2002年度","兵庫県 市川町","","86","145","72","31"
"2002年度","兵庫県 福崎町","","162","148","100","33"
"2002年度","兵庫県 神河町","","89","145","53","23"
"2002年度","兵庫県 太子町","","377","201","217","73"
"2002年度","兵庫県 上郡町","","146","158","84","31"
"2002年度","兵庫県 佐用町","","118","258","77","33"
"2002年度","兵庫県 香美町","","165","266","91","22"
"2002年度","兵庫県 新温泉町","","148","233","82","18"
"2001年度","兵庫県 神戸市 東灘区","","1,981","1,192","1,587","435"
"2001年度","兵庫県 神戸市 灘区","","1,118","993","993","287"
"2001年度","兵庫県 神戸市 兵庫区","","876","1,099","808","327"
"2001年度","兵庫県 神戸市 長田区","","786","1,065","684","362"
"2001年度","兵庫県 神戸市 須磨区","","1,385","1,117","888","378"
"2001年度","兵庫県 神戸市 垂水区","","2,006","1,674","1,482","570"
"2001年度","兵庫県 神戸市 北区","","1,812","1,608","1,157","541"
"2001年度","兵庫県 神戸市 中央区","","737","984","842","298"
"2001年度","兵庫県 神戸市 西区","","2,146","1,311","1,359","526"
"2001年度","兵庫県 姫路市","","5,710","4,077","3,628","1,453"
"2001年度","兵庫県 尼崎市","","4,487","3,626","3,664","1,347"
"2001年度","兵庫県 明石市","","3,179","1,976","1,908","797"
"2001年度","兵庫県 西宮市","","4,731","2,859","3,276","991"
"2001年度","兵庫県 洲本市","","514","556","293","87"
"2001年度","兵庫県 芦屋市","","809","606","576","183"
"2001年度","兵庫県 伊丹市","","2,214","1,160","1,391","503"
"2001年度","兵庫県 相生市","","244","346","164","56"
"2001年度","兵庫県 豊岡市","","851","915","449","168"
"2001年度","兵庫県 加古川市","","2,818","1,700","1,597","634"
"2001年度","兵庫県 赤穂市","","482","436","271","93"
"2001年度","兵庫県 西脇市","","420","436","244","86"
"2001年度","兵庫県 宝塚市","","2,147","1,292","1,314","471"
"2001年度","兵庫県 三木市","","629","627","388","175"
"2001年度","兵庫県 高砂市","","1,006","661","618","233"
"2001年度","兵庫県 川西市","","1,377","1,029","874","290"
"2001年度","兵庫県 小野市","","478","368","271","112"
"2001年度","兵庫県 三田市","","955","567","502","167"
"2001年度","兵庫県 加西市","","440","427","252","83"
"2001年度","兵庫県 篠山市","","356","516","228","76"
"2001年度","兵庫県 養父市","","225","422","141","34"
"2001年度","兵庫県 丹波市","","650","784","353","133"
"2001年度","兵庫県 南あわじ市","","425","653","281","115"
"2001年度","兵庫県 朝来市","","319","364","164","66"
"2001年度","兵庫県 淡路市","","401","621","257","82"
"2001年度","兵庫県 宍粟市","","418","468","210","64"
"2001年度","兵庫県 加東市","","438","335","241","81"
"2001年度","兵庫県 たつの市","","678","774","436","167"
"2001年度","兵庫県 猪名川町","","190","164","81","39"
"2001年度","兵庫県 多可町","","215","245","118","42"
"2001年度","兵庫県 稲美町","","250","246","148","61"
"2001年度","兵庫県 播磨町","","315","205","211","77"
"2001年度","兵庫県 市川町","","104","155","59","26"
"2001年度","兵庫県 福崎町","","172","164","93","33"
"2001年度","兵庫県 神河町","","101","145","67","17"
"2001年度","兵庫県 太子町","","428","200","214","80"
"2001年度","兵庫県 上郡町","","130","168","87","21"
"2001年度","兵庫県 佐用町","","143","315","88","28"
"2001年度","兵庫県 香美町","","174","275","98","23"
"2001年度","兵庫県 新温泉町","","115","197","69","17"
"2000年度","兵庫県 神戸市 東灘区","","1,971","1,168","1,701","449"
"2000年度","兵庫県 神戸市 灘区","","1,096","941","891","259"
"2000年度","兵庫県 神戸市 兵庫区","","836","1,181","787","345"
"2000年度","兵庫県 神戸市 長田区","","821","1,053","641","309"
"2000年度","兵庫県 神戸市 須磨区","","1,371","1,218","1,011","366"
"2000年度","兵庫県 神戸市 垂水区","","2,197","1,577","1,370","556"
"2000年度","兵庫県 神戸市 北区","","1,887","1,475","1,122","470"
"2000年度","兵庫県 神戸市 中央区","","783","937","749","335"
"2000年度","兵庫県 神戸市 西区","","2,198","1,323","1,236","502"
"2000年度","兵庫県 姫路市","","6,008","4,002","3,631","1,264"
"2000年度","兵庫県 尼崎市","","4,733","3,651","3,386","1,315"
"2000年度","兵庫県 明石市","","3,305","1,994","1,976","695"
"2000年度","兵庫県 西宮市","","4,764","2,778","3,132","872"
"2000年度","兵庫県 洲本市","","472","501","293","84"
"2000年度","兵庫県 芦屋市","","809","608","638","165"
"2000年度","兵庫県 伊丹市","","2,350","1,128","1,442","465"
"2000年度","兵庫県 相生市","","268","341","166","65"
"2000年度","兵庫県 豊岡市","","918","874","497","120"
"2000年度","兵庫県 加古川市","","2,794","1,717","1,648","624"
"2000年度","兵庫県 赤穂市","","535","468","291","79"
"2000年度","兵庫県 西脇市","","451","411","258","83"
"2000年度","兵庫県 宝塚市","","2,248","1,407","1,352","446"
"2000年度","兵庫県 三木市","","654","646","401","126"
"2000年度","兵庫県 高砂市","","966","591","589","189"
"2000年度","兵庫県 川西市","","1,387","1,020","869","250"
"2000年度","兵庫県 小野市","","553","333","282","86"
"2000年度","兵庫県 三田市","","1,015","564","405","173"
"2000年度","兵庫県 加西市","","454","458","248","82"
"2000年度","兵庫県 篠山市","","384","471","231","62"
"2000年度","兵庫県 養父市","","242","364","123","27"
"2000年度","兵庫県 丹波市","","715","816","347","119"
"2000年度","兵庫県 南あわじ市","","447","626","264","89"
"2000年度","兵庫県 朝来市","","326","386","165","52"
"2000年度","兵庫県 淡路市","","392","614","273","76"
"2000年度","兵庫県 宍粟市","","434","463","235","74"
"2000年度","兵庫県 加東市","","479","353","257","74"
"2000年度","兵庫県 たつの市","","738","760","388","140"
"2000年度","兵庫県 猪名川町","","214","170","94","35"
"2000年度","兵庫県 多可町","","232","236","113","19"
"2000年度","兵庫県 稲美町","","258","227","151","55"
"2000年度","兵庫県 播磨町","","314","196","174","91"
"2000年度","兵庫県 市川町","","122","153","64","16"
"2000年度","兵庫県 福崎町","","172","191","101","33"
"2000年度","兵庫県 神河町","","121","153","59","22"
"2000年度","兵庫県 太子町","","379","213","224","66"
"2000年度","兵庫県 上郡町","","141","200","78","32"
"2000年度","兵庫県 佐用町","","170","300","76","20"
"2000年度","兵庫県 香美町","","178","273","91","20"
"2000年度","兵庫県 新温泉町","","153","194","67","9"
"1999年度","兵庫県 神戸市 東灘区","","1,869","1,148","1,551","431"
"1999年度","兵庫県 神戸市 灘区","","1,042","988","867","282"
"1999年度","兵庫県 神戸市 兵庫区","","789","1,199","725","286"
"1999年度","兵庫県 神戸市 長田区","","797","1,040","625","301"
"1999年度","兵庫県 神戸市 須磨区","","1,438","1,186","882","326"
"1999年度","兵庫県 神戸市 垂水区","","2,086","1,608","1,381","485"
"1999年度","兵庫県 神戸市 北区","","1,949","1,527","1,095","427"
"1999年度","兵庫県 神戸市 中央区","","750","1,039","775","286"
"1999年度","兵庫県 神戸市 西区","","2,183","1,284","1,245","441"
"1999年度","兵庫県 姫路市","","5,994","3,944","3,554","1,150"
"1999年度","兵庫県 尼崎市","","4,714","3,691","3,321","1,267"
"1999年度","兵庫県 明石市","","3,271","2,005","2,005","646"
"1999年度","兵庫県 西宮市","","4,607","2,800","3,268","820"
"1999年度","兵庫県 洲本市","","485","533","258","72"
"1999年度","兵庫県 芦屋市","","685","578","578","145"
"1999年度","兵庫県 伊丹市","","2,408","1,149","1,456","471"
"1999年度","兵庫県 相生市","","263","332","154","56"
"1999年度","兵庫県 豊岡市","","848","933","492","108"
"1999年度","兵庫県 加古川市","","2,948","1,750","1,667","576"
"1999年度","兵庫県 赤穂市","","493","457","307","95"
"1999年度","兵庫県 西脇市","","468","408","256","75"
"1999年度","兵庫県 宝塚市","","2,196","1,360","1,281","421"
"1999年度","兵庫県 三木市","","655","655","380","137"
"1999年度","兵庫県 高砂市","","1,020","665","581","193"
"1999年度","兵庫県 川西市","","1,361","1,022","889","256"
"1999年度","兵庫県 小野市","","500","363","274","64"
"1999年度","兵庫県 三田市","","1,073","515","434","148"
"1999年度","兵庫県 加西市","","470","459","266","67"
"1999年度","兵庫県 篠山市","","325","505","191","57"
"1999年度","兵庫県 養父市","","230","357","132","36"
"1999年度","兵庫県 丹波市","","672","794","366","87"
"1999年度","兵庫県 南あわじ市","","430","595","249","94"
"1999年度","兵庫県 朝来市","","322","380","195","50"
"1999年度","兵庫県 淡路市","","412","599","230","70"
"1999年度","兵庫県 宍粟市","","397","510","232","51"
"1999年度","兵庫県 加東市","","443","332","259","62"
"1999年度","兵庫県 たつの市","","745","774","451","120"
"1999年度","兵庫県 猪名川町","","196","125","89","33"
"1999年度","兵庫県 多可町","","222","262","98","36"
"1999年度","兵庫県 稲美町","","212","255","138","41"
"1999年度","兵庫県 播磨町","","347","201","190","75"
"1999年度","兵庫県 市川町","","101","160","51","25"
"1999年度","兵庫県 福崎町","","208","191","89","29"
"1999年度","兵庫県 神河町","","105","161","67","12"
"1999年度","兵庫県 太子町","","422","209","231","75"
"1999年度","兵庫県 上郡町","","137","173","97","23"
"1999年度","兵庫県 佐用町","","157","263","91","15"
"1999年度","兵庫県 香美町","","176","260","93","23"
"1999年度","兵庫県 新温泉町","","144","221","68","19"
"1998年度","兵庫県 神戸市 東灘区","","1,842","1,145","1,731","386"
"1998年度","兵庫県 神戸市 灘区","","921","893","872","222"
"1998年度","兵庫県 神戸市 兵庫区","","827","1,156","775","257"
"1998年度","兵庫県 神戸市 長田区","","793","1,082","642","270"
"1998年度","兵庫県 神戸市 須磨区","","1,450","1,189","970","333"
"1998年度","兵庫県 神戸市 垂水区","","2,181","1,518","1,440","475"
"1998年度","兵庫県 神戸市 北区","","1,967","1,465","1,112","439"
"1998年度","兵庫県 神戸市 中央区","","642","946","695","272"
"1998年度","兵庫県 神戸市 西区","","2,192","1,292","1,262","356"
"1998年度","兵庫県 姫路市","","6,150","3,918","3,812","1,066"
"1998年度","兵庫県 尼崎市","","4,977","3,678","3,550","1,164"
"1998年度","兵庫県 明石市","","3,384","1,921","2,163","729"
"1998年度","兵庫県 西宮市","","4,294","2,577","3,378","790"
"1998年度","兵庫県 洲本市","","500","527","264","73"
"1998年度","兵庫県 芦屋市","","714","567","603","161"
"1998年度","兵庫県 伊丹市","","2,402","1,092","1,526","422"
"1998年度","兵庫県 相生市","","273","350","175","46"
"1998年度","兵庫県 豊岡市","","902","908","463","127"
"1998年度","兵庫県 加古川市","","2,934","1,685","1,734","477"
"1998年度","兵庫県 赤穂市","","523","454","286","83"
"1998年度","兵庫県 西脇市","","456","421","253","57"
"1998年度","兵庫県 宝塚市","","2,226","1,278","1,468","391"
"1998年度","兵庫県 三木市","","646","625","394","148"
"1998年度","兵庫県 高砂市","","1,049","705","593","190"
"1998年度","兵庫県 川西市","","1,314","930","841","255"
"1998年度","兵庫県 小野市","","515","407","289","75"
"1998年度","兵庫県 三田市","","1,074","539","476","141"
"1998年度","兵庫県 加西市","","480","475","285","64"
"1998年度","兵庫県 篠山市","","374","499","209","51"
"1998年度","兵庫県 養父市","","260","337","107","25"
"1998年度","兵庫県 丹波市","","721","835","366","94"
"1998年度","兵庫県 南あわじ市","","480","598","269","95"
"1998年度","兵庫県 朝来市","","347","379","183","37"
"1998年度","兵庫県 淡路市","","440","567","231","69"
"1998年度","兵庫県 宍粟市","","420","488","244","53"
"1998年度","兵庫県 加東市","","476","343","267","41"
"1998年度","兵庫県 たつの市","","761","728","410","115"
"1998年度","兵庫県 猪名川町","","173","161","91","40"
"1998年度","兵庫県 多可町","","226","254","124","11"
"1998年度","兵庫県 稲美町","","251","231","139","32"
"1998年度","兵庫県 播磨町","","391","203","212","65"
"1998年度","兵庫県 市川町","","123","137","77","25"
"1998年度","兵庫県 福崎町","","183","193","96","23"
"1998年度","兵庫県 神河町","","102","143","60","13"
"1998年度","兵庫県 太子町","","387","200","269","71"
"1998年度","兵庫県 上郡町","","161","196","81","29"
"1998年度","兵庫県 佐用町","","159","254","85","20"
"1998年度","兵庫県 香美町","","209","239","86","13"
"1998年度","兵庫県 新温泉町","","149","203","69","13"
"1997年度","兵庫県 神戸市 東灘区","","1,522","1,056","1,519","306"
"1997年度","兵庫県 神戸市 灘区","","832","844","861","205"
"1997年度","兵庫県 神戸市 兵庫区","","779","1,096","737","255"
"1997年度","兵庫県 神戸市 長田区","","742","1,048","647","266"
"1997年度","兵庫県 神戸市 須磨区","","1,492","1,165","1,040","300"
"1997年度","兵庫県 神戸市 垂水区","","2,359","1,507","1,424","423"
"1997年度","兵庫県 神戸市 北区","","2,088","1,454","1,189","403"
"1997年度","兵庫県 神戸市 中央区","","674","916","696","255"
"1997年度","兵庫県 神戸市 西区","","2,206","1,162","1,292","335"
"1997年度","兵庫県 姫路市","","6,060","3,840","3,648","1,012"
"1997年度","兵庫県 尼崎市","","4,893","3,438","3,635","1,038"
"1997年度","兵庫県 明石市","","3,347","1,841","2,145","588"
"1997年度","兵庫県 西宮市","","3,865","2,625","3,204","682"
"1997年度","兵庫県 洲本市","","492","538","283","67"
"1997年度","兵庫県 芦屋市","","627","524","470","126"
"1997年度","兵庫県 伊丹市","","2,404","1,089","1,535","377"
"1997年度","兵庫県 相生市","","313","343","189","42"
"1997年度","兵庫県 豊岡市","","929","877","511","120"
"1997年度","兵庫県 加古川市","","2,808","1,635","1,624","477"
"1997年度","兵庫県 赤穂市","","526","483","307","67"
"1997年度","兵庫県 西脇市","","498","406","286","80"
"1997年度","兵庫県 宝塚市","","2,045","1,265","1,394","336"
"1997年度","兵庫県 三木市","","698","603","408","113"
"1997年度","兵庫県 高砂市","","1,030","700","588","189"
"1997年度","兵庫県 川西市","","1,289","939","811","210"
"1997年度","兵庫県 小野市","","500","358","263","59"
"1997年度","兵庫県 三田市","","1,181","476","472","133"
"1997年度","兵庫県 加西市","","491","472","274","68"
"1997年度","兵庫県 篠山市","","366","463","203","58"
"1997年度","兵庫県 養父市","","277","319","110","14"
"1997年度","兵庫県 丹波市","","722","827","365","96"
"1997年度","兵庫県 南あわじ市","","514","634","260","89"
"1997年度","兵庫県 朝来市","","325","322","175","44"
"1997年度","兵庫県 淡路市","","403","606","234","53"
"1997年度","兵庫県 宍粟市","","442","546","219","51"
"1997年度","兵庫県 加東市","","448","300","271","40"
"1997年度","兵庫県 たつの市","","742","740","398","128"
"1997年度","兵庫県 猪名川町","","191","155","78","25"
"1997年度","兵庫県 多可町","","240","247","104","16"
"1997年度","兵庫県 稲美町","","214","235","110","41"
"1997年度","兵庫県 播磨町","","368","176","252","59"
"1997年度","兵庫県 市川町","","107","131","70","9"
"1997年度","兵庫県 福崎町","","178","165","88","15"
"1997年度","兵庫県 神河町","","124","157","48","17"
"1997年度","兵庫県 太子町","","337","202","266","45"
"1997年度","兵庫県 上郡町","","134","159","80","29"
"1997年度","兵庫県 佐用町","","173","252","70","17"
"1997年度","兵庫県 香美町","","193","252","87","21"
"1997年度","兵庫県 新温泉町","","168","209","51","14"
"1996年度","兵庫県 神戸市 東灘区","","1,464","1,052","1,161","285"
"1996年度","兵庫県 神戸市 灘区","","837","826","771","189"
"1996年度","兵庫県 神戸市 兵庫区","","700","1,200","660","216"
"1996年度","兵庫県 神戸市 長田区","","736","1,013","670","250"
"1996年度","兵庫県 神戸市 須磨区","","1,477","1,065","925","273"
"1996年度","兵庫県 神戸市 垂水区","","2,416","1,497","1,505","396"
"1996年度","兵庫県 神戸市 北区","","2,125","1,421","1,244","348"
"1996年度","兵庫県 神戸市 中央区","","689","928","684","242"
"1996年度","兵庫県 神戸市 西区","","2,224","1,100","1,228","300"
"1996年度","兵庫県 姫路市","","5,995","3,715","3,869","916"
"1996年度","兵庫県 尼崎市","","4,872","3,443","3,723","993"
"1996年度","兵庫県 明石市","","3,300","1,806","2,309","506"
"1996年度","兵庫県 西宮市","","3,651","2,574","2,980","658"
"1996年度","兵庫県 洲本市","","496","530","287","55"
"1996年度","兵庫県 芦屋市","","653","532","554","122"
"1996年度","兵庫県 伊丹市","","2,431","1,023","1,621","328"
"1996年度","兵庫県 相生市","","334","327","187","47"
"1996年度","兵庫県 豊岡市","","906","840","462","91"
"1996年度","兵庫県 加古川市","","2,889","1,605","1,831","451"
"1996年度","兵庫県 赤穂市","","509","418","306","76"
"1996年度","兵庫県 西脇市","","506","412","272","53"
"1996年度","兵庫県 宝塚市","","2,054","1,208","1,352","278"
"1996年度","兵庫県 三木市","","673","657","429","113"
"1996年度","兵庫県 高砂市","","1,055","596","646","148"
"1996年度","兵庫県 川西市","","1,206","947","859","208"
"1996年度","兵庫県 小野市","","509","379","292","61"
"1996年度","兵庫県 三田市","","1,123","450","539","110"
"1996年度","兵庫県 加西市","","490","432","271","53"
"1996年度","兵庫県 篠山市","","354","480","201","55"
"1996年度","兵庫県 養父市","","265","365","141","19"
"1996年度","兵庫県 丹波市","","690","817","373","77"
"1996年度","兵庫県 南あわじ市","","518","582","287","72"
"1996年度","兵庫県 朝来市","","321","372","184","45"
"1996年度","兵庫県 淡路市","","450","576","260","48"
"1996年度","兵庫県 宍粟市","","414","534","239","43"
"1996年度","兵庫県 加東市","","439","273","221","29"
"1996年度","兵庫県 たつの市","","763","722","424","92"
"1996年度","兵庫県 猪名川町","","204","157","98","29"
"1996年度","兵庫県 多可町","","262","248","109","15"
"1996年度","兵庫県 稲美町","","247","223","148","32"
"1996年度","兵庫県 播磨町","","380","195","255","43"
"1996年度","兵庫県 市川町","","136","140","68","18"
"1996年度","兵庫県 福崎町","","170","164","112","17"
"1996年度","兵庫県 神河町","","122","144","62","13"
"1996年度","兵庫県 太子町","","373","217","235","45"
"1996年度","兵庫県 上郡町","","139","175","100","16"
"1996年度","兵庫県 佐用町","","156","259","100","25"
"1996年度","兵庫県 香美町","","236","263","97","21"
"1996年度","兵庫県 新温泉町","","172","210","76","13"
"1995年度","兵庫県 神戸市 東灘区","","1,502","2,476","1,048","302"
"1995年度","兵庫県 神戸市 灘区","","775","1,845","682","179"
"1995年度","兵庫県 神戸市 兵庫区","","745","1,848","693","219"
"1995年度","兵庫県 神戸市 長田区","","792","2,075","648","183"
"1995年度","兵庫県 神戸市 須磨区","","1,595","1,595","892","276"
"1995年度","兵庫県 神戸市 垂水区","","2,457","1,526","1,461","346"
"1995年度","兵庫県 神戸市 北区","","2,059","1,398","1,241","338"
"1995年度","兵庫県 神戸市 中央区","","654","1,174","677","218"
"1995年度","兵庫県 神戸市 西区","","2,018","1,152","1,135","253"
"1995年度","兵庫県 姫路市","","5,785","3,761","3,790","783"
"1995年度","兵庫県 尼崎市","","5,003","3,559","3,560","878"
"1995年度","兵庫県 明石市","","3,200","1,842","2,122","445"
"1995年度","兵庫県 西宮市","","3,626","3,787","2,427","599"
"1995年度","兵庫県 洲本市","","499","587","330","68"
"1995年度","兵庫県 芦屋市","","593","944","429","108"
"1995年度","兵庫県 伊丹市","","2,306","1,149","1,523","300"
"1995年度","兵庫県 相生市","","291","367","200","39"
"1995年度","兵庫県 豊岡市","","892","941","466","101"
"1995年度","兵庫県 加古川市","","2,729","1,634","1,794","375"
"1995年度","兵庫県 赤穂市","","479","446","289","56"
"1995年度","兵庫県 西脇市","","456","446","254","50"
"1995年度","兵庫県 宝塚市","","2,017","1,391","1,342","277"
"1995年度","兵庫県 三木市","","644","627","420","64"
"1995年度","兵庫県 高砂市","","981","614","642","142"
"1995年度","兵庫県 川西市","","1,076","979","776","185"
"1995年度","兵庫県 小野市","","475","401","293","55"
"1995年度","兵庫県 三田市","","1,061","477","474","86"
"1995年度","兵庫県 加西市","","516","498","270","48"
"1995年度","兵庫県 篠山市","","340","515","186","48"
"1995年度","兵庫県 養父市","","258","333","135","18"
"1995年度","兵庫県 丹波市","","727","824","345","67"
"1995年度","兵庫県 南あわじ市","","529","600","290","63"
"1995年度","兵庫県 朝来市","","328","398","168","42"
"1995年度","兵庫県 淡路市","","406","751","245","47"
"1995年度","兵庫県 宍粟市","","439","540","222","47"
"1995年度","兵庫県 加東市","","429","333","240","44"
"1995年度","兵庫県 たつの市","","747","691","427","107"
"1995年度","兵庫県 猪名川町","","201","138","94","27"
"1995年度","兵庫県 多可町","","255","292","127","26"
"1995年度","兵庫県 稲美町","","201","250","108","26"
"1995年度","兵庫県 播磨町","","368","180","209","48"
"1995年度","兵庫県 市川町","","103","169","91","11"
"1995年度","兵庫県 福崎町","","159","176","78","12"
"1995年度","兵庫県 神河町","","128","151","58","11"
"1995年度","兵庫県 太子町","","328","197","218","36"
"1995年度","兵庫県 上郡町","","164","178","87","20"
"1995年度","兵庫県 佐用町","","191","310","92","14"
"1995年度","兵庫県 香美町","","235","243","104","19"
"1995年度","兵庫県 新温泉町","","185","236","90","9"
"1994年度","兵庫県 神戸市 東灘区","","***","1,206","1,294","321"
"1994年度","兵庫県 神戸市 灘区","","***","1,034","776","224"
"1994年度","兵庫県 神戸市 兵庫区","","***","1,332","662","241"
"1994年度","兵庫県 神戸市 長田区","","***","1,345","714","280"
"1994年度","兵庫県 神戸市 須磨区","","***","1,157","1,082","311"
"1994年度","兵庫県 神戸市 垂水区","","***","1,345","1,726","426"
"1994年度","兵庫県 神戸市 北区","","***","1,256","1,359","331"
"1994年度","兵庫県 神戸市 中央区","","***","995","737","273"
"1994年度","兵庫県 神戸市 西区","","***","939","1,202","293"
"1994年度","兵庫県 姫路市","","***","3,659","3,556","837"
"1994年度","兵庫県 尼崎市","","***","3,510","3,756","1,019"
"1994年度","兵庫県 明石市","","***","1,819","2,115","506"
"1994年度","兵庫県 西宮市","","***","2,721","2,903","657"
"1994年度","兵庫県 洲本市","","***","518","300","72"
"1994年度","兵庫県 芦屋市","","***","575","503","130"
"1994年度","兵庫県 伊丹市","","***","1,059","1,647","332"
"1994年度","兵庫県 相生市","","***","319","190","41"
"1994年度","兵庫県 豊岡市","","***","868","494","93"
"1994年度","兵庫県 加古川市","","***","1,524","1,702","399"
"1994年度","兵庫県 赤穂市","","***","405","268","48"
"1994年度","兵庫県 西脇市","","***","435","293","65"
"1994年度","兵庫県 宝塚市","","***","1,190","1,489","305"
"1994年度","兵庫県 三木市","","***","611","369","99"
"1994年度","兵庫県 高砂市","","***","554","632","166"
"1994年度","兵庫県 川西市","","***","842","779","194"
"1994年度","兵庫県 小野市","","***","375","250","56"
"1994年度","兵庫県 三田市","","***","454","439","91"
"1994年度","兵庫県 加西市","","***","413","295","44"
"1994年度","兵庫県 篠山市","","***","474","197","45"
"1994年度","兵庫県 養父市","","***","323","144","27"
"1994年度","兵庫県 丹波市","","***","828","356","79"
"1994年度","兵庫県 南あわじ市","","***","576","272","52"
"1994年度","兵庫県 朝来市","","***","365","159","49"
"1994年度","兵庫県 淡路市","","***","661","213","54"
"1994年度","兵庫県 宍粟市","","***","508","227","50"
"1994年度","兵庫県 加東市","","***","302","224","41"
"1994年度","兵庫県 たつの市","","***","689","414","79"
"1994年度","兵庫県 猪名川町","","***","131","95","29"
"1994年度","兵庫県 多可町","","***","258","124","20"
"1994年度","兵庫県 稲美町","","***","225","108","36"
"1994年度","兵庫県 播磨町","","***","190","237","52"
"1994年度","兵庫県 市川町","","***","114","66","15"
"1994年度","兵庫県 福崎町","","***","177","94","17"
"1994年度","兵庫県 神河町","","***","134","68","9"
"1994年度","兵庫県 太子町","","***","167","168","33"
"1994年度","兵庫県 上郡町","","***","179","75","16"
"1994年度","兵庫県 佐用町","","***","284","101","20"
"1994年度","兵庫県 香美町","","***","241","93","17"
"1994年度","兵庫県 新温泉町","","***","198","84","12"
"1993年度","兵庫県 神戸市 東灘区","","***","1,156","1,307","326"
"1993年度","兵庫県 神戸市 灘区","","***","1,097","771","228"
"1993年度","兵庫県 神戸市 兵庫区","","***","1,386","727","241"
"1993年度","兵庫県 神戸市 長田区","","***","1,349","775","264"
"1993年度","兵庫県 神戸市 須磨区","","***","1,093","1,006","285"
"1993年度","兵庫県 神戸市 垂水区","","***","1,389","1,729","399"
"1993年度","兵庫県 神戸市 北区","","***","1,244","1,219","340"
"1993年度","兵庫県 神戸市 中央区","","***","978","767","268"
"1993年度","兵庫県 神戸市 西区","","***","934","1,142","230"
"1993年度","兵庫県 姫路市","","***","3,727","3,639","743"
"1993年度","兵庫県 尼崎市","","***","3,551","3,932","927"
"1993年度","兵庫県 明石市","","***","1,766","2,127","514"
"1993年度","兵庫県 西宮市","","***","2,614","2,913","649"
"1993年度","兵庫県 洲本市","","***","564","288","68"
"1993年度","兵庫県 芦屋市","","***","596","608","160"
"1993年度","兵庫県 伊丹市","","***","1,048","1,669","333"
"1993年度","兵庫県 相生市","","***","356","197","48"
"1993年度","兵庫県 豊岡市","","***","848","498","93"
"1993年度","兵庫県 加古川市","","***","1,597","1,668","410"
"1993年度","兵庫県 赤穂市","","***","452","266","55"
"1993年度","兵庫県 西脇市","","***","399","272","69"
"1993年度","兵庫県 宝塚市","","***","1,180","1,443","269"
"1993年度","兵庫県 三木市","","***","600","368","83"
"1993年度","兵庫県 高砂市","","***","600","624","142"
"1993年度","兵庫県 川西市","","***","844","757","150"
"1993年度","兵庫県 小野市","","***","358","262","54"
"1993年度","兵庫県 三田市","","***","407","436","93"
"1993年度","兵庫県 加西市","","***","470","253","42"
"1993年度","兵庫県 篠山市","","***","438","189","32"
"1993年度","兵庫県 養父市","","***","321","133","20"
"1993年度","兵庫県 丹波市","","***","794","362","63"
"1993年度","兵庫県 南あわじ市","","***","587","328","64"
"1993年度","兵庫県 朝来市","","***","369","178","39"
"1993年度","兵庫県 淡路市","","***","641","235","41"
"1993年度","兵庫県 宍粟市","","***","503","240","35"
"1993年度","兵庫県 加東市","","***","301","263","42"
"1993年度","兵庫県 たつの市","","***","726","404","91"
"1993年度","兵庫県 猪名川町","","***","129","99","23"
"1993年度","兵庫県 多可町","","***","290","142","18"
"1993年度","兵庫県 稲美町","","***","222","112","31"
"1993年度","兵庫県 播磨町","","***","199","240","57"
"1993年度","兵庫県 市川町","","***","141","71","9"
"1993年度","兵庫県 福崎町","","***","192","76","19"
"1993年度","兵庫県 神河町","","***","151","67","7"
"1993年度","兵庫県 太子町","","***","191","188","36"
"1993年度","兵庫県 上郡町","","***","153","87","20"
"1993年度","兵庫県 佐用町","","***","301","93","16"
"1993年度","兵庫県 香美町","","***","237","104","8"
"1993年度","兵庫県 新温泉町","","***","186","76","3"
"1992年度","兵庫県 神戸市 東灘区","","***","1,156","1,300","265"
"1992年度","兵庫県 神戸市 灘区","","***","1,097","843","266"
"1992年度","兵庫県 神戸市 兵庫区","","***","1,334","723","217"
"1992年度","兵庫県 神戸市 長田区","","***","1,396","758","271"
"1992年度","兵庫県 神戸市 須磨区","","***","1,103","934","266"
"1992年度","兵庫県 神戸市 垂水区","","***","1,310","1,730","446"
"1992年度","兵庫県 神戸市 北区","","***","1,171","1,027","321"
"1992年度","兵庫県 神戸市 中央区","","***","945","700","282"
"1992年度","兵庫県 神戸市 西区","","***","937","976","228"
"1992年度","兵庫県 姫路市","","***","3,569","3,260","731"
"1992年度","兵庫県 尼崎市","","***","3,421","3,601","920"
"1992年度","兵庫県 明石市","","***","1,706","1,975","500"
"1992年度","兵庫県 西宮市","","***","2,539","2,770","603"
"1992年度","兵庫県 洲本市","","***","500","247","68"
"1992年度","兵庫県 芦屋市","","***","592","577","133"
"1992年度","兵庫県 伊丹市","","***","957","1,456","308"
"1992年度","兵庫県 相生市","","***","340","187","42"
"1992年度","兵庫県 豊岡市","","***","882","445","90"
"1992年度","兵庫県 加古川市","","***","1,490","1,587","364"
"1992年度","兵庫県 赤穂市","","***","403","229","37"
"1992年度","兵庫県 西脇市","","***","372","261","48"
"1992年度","兵庫県 宝塚市","","***","1,148","1,351","302"
"1992年度","兵庫県 三木市","","***","570","341","84"
"1992年度","兵庫県 高砂市","","***","600","577","125"
"1992年度","兵庫県 川西市","","***","828","719","172"
"1992年度","兵庫県 小野市","","***","372","254","64"
"1992年度","兵庫県 三田市","","***","409","408","74"
"1992年度","兵庫県 加西市","","***","433","253","42"
"1992年度","兵庫県 篠山市","","***","470","179","30"
"1992年度","兵庫県 養父市","","***","277","141","19"
"1992年度","兵庫県 丹波市","","***","854","379","53"
"1992年度","兵庫県 南あわじ市","","***","543","253","47"
"1992年度","兵庫県 朝来市","","***","351","170","33"
"1992年度","兵庫県 淡路市","","***","608","229","29"
"1992年度","兵庫県 宍粟市","","***","488","220","32"
"1992年度","兵庫県 加東市","","***","354","223","37"
"1992年度","兵庫県 たつの市","","***","684","395","77"
"1992年度","兵庫県 猪名川町","","***","132","94","18"
"1992年度","兵庫県 多可町","","***","235","124","14"
"1992年度","兵庫県 稲美町","","***","199","113","29"
"1992年度","兵庫県 播磨町","","***","156","167","49"
"1992年度","兵庫県 市川町","","***","144","75","13"
"1992年度","兵庫県 福崎町","","***","179","84","23"
"1992年度","兵庫県 神河町","","***","135","68","7"
"1992年度","兵庫県 太子町","","***","227","206","39"
"1992年度","兵庫県 上郡町","","***","171","72","14"
"1992年度","兵庫県 佐用町","","***","261","111","18"
"1992年度","兵庫県 香美町","","***","247","116","8"
"1992年度","兵庫県 新温泉町","","***","207","97","9"
"1991年度","兵庫県 神戸市 東灘区","","***","1,151","1,359","283"
"1991年度","兵庫県 神戸市 灘区","","***","952","779","192"
"1991年度","兵庫県 神戸市 兵庫区","","***","1,334","705","231"
"1991年度","兵庫県 神戸市 長田区","","***","1,376","733","220"
"1991年度","兵庫県 神戸市 須磨区","","***","1,155","949","280"
"1991年度","兵庫県 神戸市 垂水区","","***","1,303","1,590","388"
"1991年度","兵庫県 神戸市 北区","","***","1,147","1,018","268"
"1991年度","兵庫県 神戸市 中央区","","***","979","778","243"
"1991年度","兵庫県 神戸市 西区","","***","852","926","180"
"1991年度","兵庫県 姫路市","","***","3,575","3,374","683"
"1991年度","兵庫県 尼崎市","","***","3,375","3,654","879"
"1991年度","兵庫県 明石市","","***","1,715","1,905","440"
"1991年度","兵庫県 西宮市","","***","2,455","2,780","599"
"1991年度","兵庫県 洲本市","","***","555","274","67"
"1991年度","兵庫県 芦屋市","","***","538","570","133"
"1991年度","兵庫県 伊丹市","","***","957","1,353","257"
"1991年度","兵庫県 相生市","","***","321","181","36"
"1991年度","兵庫県 豊岡市","","***","838","438","73"
"1991年度","兵庫県 加古川市","","***","1,385","1,493","338"
"1991年度","兵庫県 赤穂市","","***","406","261","42"
"1991年度","兵庫県 西脇市","","***","382","229","46"
"1991年度","兵庫県 宝塚市","","***","1,113","1,358","233"
"1991年度","兵庫県 三木市","","***","578","312","89"
"1991年度","兵庫県 高砂市","","***","597","578","139"
"1991年度","兵庫県 川西市","","***","732","575","139"
"1991年度","兵庫県 小野市","","***","323","212","51"
"1991年度","兵庫県 三田市","","***","371","349","56"
"1991年度","兵庫県 加西市","","***","445","223","54"
"1991年度","兵庫県 篠山市","","***","456","166","31"
"1991年度","兵庫県 養父市","","***","321","127","20"
"1991年度","兵庫県 丹波市","","***","784","340","54"
"1991年度","兵庫県 南あわじ市","","***","617","279","51"
"1991年度","兵庫県 朝来市","","***","355","154","31"
"1991年度","兵庫県 淡路市","","***","626","246","42"
"1991年度","兵庫県 宍粟市","","***","515","192","25"
"1991年度","兵庫県 加東市","","***","315","222","41"
"1991年度","兵庫県 たつの市","","***","680","351","92"
"1991年度","兵庫県 猪名川町","","***","116","79","19"
"1991年度","兵庫県 多可町","","***","221","115","16"
"1991年度","兵庫県 稲美町","","***","201","95","26"
"1991年度","兵庫県 播磨町","","***","166","228","44"
"1991年度","兵庫県 市川町","","***","130","54","12"
"1991年度","兵庫県 福崎町","","***","184","82","19"
"1991年度","兵庫県 神河町","","***","152","71","4"
"1991年度","兵庫県 太子町","","***","184","136","45"
"1991年度","兵庫県 上郡町","","***","160","64","10"
"1991年度","兵庫県 佐用町","","***","250","100","11"
"1991年度","兵庫県 香美町","","***","257","110","11"
"1991年度","兵庫県 新温泉町","","***","167","82","8"
"1990年度","兵庫県 神戸市 東灘区","","***","1,128","1,257","264"
"1990年度","兵庫県 神戸市 灘区","","***","1,071","820","187"
"1990年度","兵庫県 神戸市 兵庫区","","***","1,291","682","180"
"1990年度","兵庫県 神戸市 長田区","","***","1,379","708","235"
"1990年度","兵庫県 神戸市 須磨区","","***","1,030","916","249"
"1990年度","兵庫県 神戸市 垂水区","","***","1,316","1,616","336"
"1990年度","兵庫県 神戸市 北区","","***","1,048","955","269"
"1990年度","兵庫県 神戸市 中央区","","***","910","740","213"
"1990年度","兵庫県 神戸市 西区","","***","823","833","183"
"1990年度","兵庫県 姫路市","","***","3,435","3,103","696"
"1990年度","兵庫県 尼崎市","","***","3,259","3,513","781"
"1990年度","兵庫県 明石市","","***","1,638","1,801","346"
"1990年度","兵庫県 西宮市","","***","2,373","2,902","534"
"1990年度","兵庫県 洲本市","","***","533","262","54"
"1990年度","兵庫県 芦屋市","","***","556","603","134"
"1990年度","兵庫県 伊丹市","","***","942","1,304","230"
"1990年度","兵庫県 相生市","","***","304","158","39"
"1990年度","兵庫県 豊岡市","","***","823","450","80"
"1990年度","兵庫県 加古川市","","***","1,392","1,333","271"
"1990年度","兵庫県 赤穂市","","***","405","253","35"
"1990年度","兵庫県 西脇市","","***","346","228","49"
"1990年度","兵庫県 宝塚市","","***","994","1,339","221"
"1990年度","兵庫県 三木市","","***","581","346","64"
"1990年度","兵庫県 高砂市","","***","561","597","138"
"1990年度","兵庫県 川西市","","***","767","574","156"
"1990年度","兵庫県 小野市","","***","303","217","43"
"1990年度","兵庫県 三田市","","***","394","320","43"
"1990年度","兵庫県 加西市","","***","423","264","43"
"1990年度","兵庫県 篠山市","","***","425","181","24"
"1990年度","兵庫県 養父市","","***","281","109","14"
"1990年度","兵庫県 丹波市","","***","758","330","49"
"1990年度","兵庫県 南あわじ市","","***","547","269","43"
"1990年度","兵庫県 朝来市","","***","392","176","35"
"1990年度","兵庫県 淡路市","","***","627","240","34"
"1990年度","兵庫県 宍粟市","","***","476","219","32"
"1990年度","兵庫県 加東市","","***","292","237","25"
"1990年度","兵庫県 たつの市","","***","670","349","55"
"1990年度","兵庫県 猪名川町","","***","121","78","13"
"1990年度","兵庫県 多可町","","***","242","120","16"
"1990年度","兵庫県 稲美町","","***","228","110","31"
"1990年度","兵庫県 播磨町","","***","148","186","48"
"1990年度","兵庫県 市川町","","***","136","69","10"
"1990年度","兵庫県 福崎町","","***","182","95","15"
"1990年度","兵庫県 神河町","","***","138","72","9"
"1990年度","兵庫県 太子町","","***","184","161","28"
"1990年度","兵庫県 上郡町","","***","169","70","26"
"1990年度","兵庫県 佐用町","","***","260","96","12"
"1990年度","兵庫県 香美町","","***","268","129","11"
"1990年度","兵庫県 新温泉町","","***","218","80","19"
"1989年度","兵庫県 神戸市 東灘区","","***","1,118","1,219","255"
"1989年度","兵庫県 神戸市 灘区","","***","1,010","724","185"
"1989年度","兵庫県 神戸市 兵庫区","","***","1,264","653","253"
"1989年度","兵庫県 神戸市 長田区","","***","1,340","721","224"
"1989年度","兵庫県 神戸市 須磨区","","***","1,080","984","282"
"1989年度","兵庫県 神戸市 垂水区","","***","1,243","1,511","389"
"1989年度","兵庫県 神戸市 北区","","***","985","926","259"
"1989年度","兵庫県 神戸市 中央区","","***","950","769","239"
"1989年度","兵庫県 神戸市 西区","","***","738","746","154"
"1989年度","兵庫県 姫路市","","***","3,406","3,057","687"
"1989年度","兵庫県 尼崎市","","***","3,163","3,470","793"
"1989年度","兵庫県 明石市","","***","1,599","1,744","382"
"1989年度","兵庫県 西宮市","","***","2,403","2,763","518"
"1989年度","兵庫県 洲本市","","***","537","268","56"
"1989年度","兵庫県 芦屋市","","***","537","559","128"
"1989年度","兵庫県 伊丹市","","***","868","1,439","269"
"1989年度","兵庫県 相生市","","***","296","153","36"
"1989年度","兵庫県 豊岡市","","***","784","460","81"
"1989年度","兵庫県 加古川市","","***","1,371","1,224","282"
"1989年度","兵庫県 赤穂市","","***","446","249","40"
"1989年度","兵庫県 西脇市","","***","374","248","33"
"1989年度","兵庫県 宝塚市","","***","1,009","1,220","219"
"1989年度","兵庫県 三木市","","***","576","331","78"
"1989年度","兵庫県 高砂市","","***","552","548","110"
"1989年度","兵庫県 川西市","","***","785","582","136"
"1989年度","兵庫県 小野市","","***","279","226","42"
"1989年度","兵庫県 三田市","","***","340","270","47"
"1989年度","兵庫県 加西市","","***","423","249","40"
"1989年度","兵庫県 篠山市","","***","444","176","30"
"1989年度","兵庫県 養父市","","***","309","124","24"
"1989年度","兵庫県 丹波市","","***","783","333","50"
"1989年度","兵庫県 南あわじ市","","***","553","286","47"
"1989年度","兵庫県 朝来市","","***","359","161","28"
"1989年度","兵庫県 淡路市","","***","582","241","33"
"1989年度","兵庫県 宍粟市","","***","475","234","34"
"1989年度","兵庫県 加東市","","***","289","199","21"
"1989年度","兵庫県 たつの市","","***","645","365","72"
"1989年度","兵庫県 猪名川町","","***","105","64","9"
"1989年度","兵庫県 多可町","","***","222","108","13"
"1989年度","兵庫県 稲美町","","***","196","116","31"
"1989年度","兵庫県 播磨町","","***","153","171","40"
"1989年度","兵庫県 市川町","","***","142","74","13"
"1989年度","兵庫県 福崎町","","***","159","81","15"
"1989年度","兵庫県 神河町","","***","135","76","9"
"1989年度","兵庫県 太子町","","***","180","128","44"
"1989年度","兵庫県 上郡町","","***","158","78","21"
"1989年度","兵庫県 佐用町","","***","241","113","15"
"1989年度","兵庫県 香美町","","***","249","105","15"
"1989年度","兵庫県 新温泉町","","***","220","80","14"
"1988年度","兵庫県 神戸市 東灘区","","***","1,028","1,350","274"
"1988年度","兵庫県 神戸市 灘区","","***","959","785","201"
"1988年度","兵庫県 神戸市 兵庫区","","***","1,275","728","210"
"1988年度","兵庫県 神戸市 長田区","","***","1,362","687","239"
"1988年度","兵庫県 神戸市 須磨区","","***","1,032","947","220"
"1988年度","兵庫県 神戸市 垂水区","","***","1,167","1,580","342"
"1988年度","兵庫県 神戸市 北区","","***","1,061","878","245"
"1988年度","兵庫県 神戸市 中央区","","***","933","788","240"
"1988年度","兵庫県 神戸市 西区","","***","741","728","156"
"1988年度","兵庫県 姫路市","","***","3,377","3,061","682"
"1988年度","兵庫県 尼崎市","","***","3,278","3,434","768"
"1988年度","兵庫県 明石市","","***","1,585","1,632","352"
"1988年度","兵庫県 西宮市","","***","2,349","2,607","558"
"1988年度","兵庫県 洲本市","","***","523","260","43"
"1988年度","兵庫県 芦屋市","","***","525","565","116"
"1988年度","兵庫県 伊丹市","","***","816","1,359","246"
"1988年度","兵庫県 相生市","","***","299","173","33"
"1988年度","兵庫県 豊岡市","","***","819","447","85"
"1988年度","兵庫県 加古川市","","***","1,402","1,219","284"
"1988年度","兵庫県 赤穂市","","***","447","239","41"
"1988年度","兵庫県 西脇市","","***","336","229","34"
"1988年度","兵庫県 宝塚市","","***","1,031","1,179","253"
"1988年度","兵庫県 三木市","","***","575","363","69"
"1988年度","兵庫県 高砂市","","***","532","502","75"
"1988年度","兵庫県 川西市","","***","696","593","140"
"1988年度","兵庫県 小野市","","***","319","210","32"
"1988年度","兵庫県 三田市","","***","337","235","46"
"1988年度","兵庫県 加西市","","***","424","257","26"
"1988年度","兵庫県 篠山市","","***","453","174","27"
"1988年度","兵庫県 養父市","","***","347","141","15"
"1988年度","兵庫県 丹波市","","***","756","372","63"
"1988年度","兵庫県 南あわじ市","","***","550","275","35"
"1988年度","兵庫県 朝来市","","***","362","175","28"
"1988年度","兵庫県 淡路市","","***","626","252","32"
"1988年度","兵庫県 宍粟市","","***","471","227","18"
"1988年度","兵庫県 加東市","","***","282","205","32"
"1988年度","兵庫県 たつの市","","***","640","367","65"
"1988年度","兵庫県 猪名川町","","***","96","63","8"
"1988年度","兵庫県 多可町","","***","268","128","16"
"1988年度","兵庫県 稲美町","","***","194","126","28"
"1988年度","兵庫県 播磨町","","***","134","123","27"
"1988年度","兵庫県 市川町","","***","120","72","5"
"1988年度","兵庫県 福崎町","","***","171","99","15"
"1988年度","兵庫県 神河町","","***","137","77","10"
"1988年度","兵庫県 太子町","","***","171","149","29"
"1988年度","兵庫県 上郡町","","***","134","73","6"
"1988年度","兵庫県 佐用町","","***","259","107","15"
"1988年度","兵庫県 香美町","","***","240","114","9"
"1988年度","兵庫県 新温泉町","","***","199","95","10"
"1987年度","兵庫県 神戸市 東灘区","","***","1,010","1,296","271"
"1987年度","兵庫県 神戸市 灘区","","***","1,021","772","180"
"1987年度","兵庫県 神戸市 兵庫区","","***","1,173","734","235"
"1987年度","兵庫県 神戸市 長田区","","***","1,289","695","241"
"1987年度","兵庫県 神戸市 須磨区","","***","946","916","247"
"1987年度","兵庫県 神戸市 垂水区","","***","1,041","1,513","382"
"1987年度","兵庫県 神戸市 北区","","***","995","833","246"
"1987年度","兵庫県 神戸市 中央区","","***","922","679","250"
"1987年度","兵庫県 神戸市 西区","","***","670","596","148"
"1987年度","兵庫県 姫路市","","***","3,300","2,933","656"
"1987年度","兵庫県 尼崎市","","***","3,061","3,243","861"
"1987年度","兵庫県 明石市","","***","1,457","1,524","370"
"1987年度","兵庫県 西宮市","","***","2,173","2,621","599"
"1987年度","兵庫県 洲本市","","***","507","278","61"
"1987年度","兵庫県 芦屋市","","***","517","514","103"
"1987年度","兵庫県 伊丹市","","***","836","1,334","246"
"1987年度","兵庫県 相生市","","***","270","183","32"
"1987年度","兵庫県 豊岡市","","***","751","445","61"
"1987年度","兵庫県 加古川市","","***","1,219","1,163","264"
"1987年度","兵庫県 赤穂市","","***","418","242","49"
"1987年度","兵庫県 西脇市","","***","341","207","49"
"1987年度","兵庫県 宝塚市","","***","938","1,194","223"
"1987年度","兵庫県 三木市","","***","523","349","57"
"1987年度","兵庫県 高砂市","","***","462","464","96"
"1987年度","兵庫県 川西市","","***","664","610","135"
"1987年度","兵庫県 小野市","","***","295","228","46"
"1987年度","兵庫県 三田市","","***","287","232","31"
"1987年度","兵庫県 加西市","","***","406","265","33"
"1987年度","兵庫県 篠山市","","***","451","191","19"
"1987年度","兵庫県 養父市","","***","301","145","21"
"1987年度","兵庫県 丹波市","","***","621","330","61"
"1987年度","兵庫県 南あわじ市","","***","552","279","44"
"1987年度","兵庫県 朝来市","","***","333","166","26"
"1987年度","兵庫県 淡路市","","***","656","281","44"
"1987年度","兵庫県 宍粟市","","***","419","245","34"
"1987年度","兵庫県 加東市","","***","264","184","29"
"1987年度","兵庫県 たつの市","","***","572","400","75"
"1987年度","兵庫県 猪名川町","","***","110","44","4"
"1987年度","兵庫県 多可町","","***","211","130","12"
"1987年度","兵庫県 稲美町","","***","189","118","19"
"1987年度","兵庫県 播磨町","","***","147","117","50"
"1987年度","兵庫県 市川町","","***","126","80","12"
"1987年度","兵庫県 福崎町","","***","154","94","13"
"1987年度","兵庫県 神河町","","***","151","68","8"
"1987年度","兵庫県 太子町","","***","153","128","21"
"1987年度","兵庫県 上郡町","","***","148","81","14"
"1987年度","兵庫県 佐用町","","***","247","106","17"
"1987年度","兵庫県 香美町","","***","217","103","11"
"1987年度","兵庫県 新温泉町","","***","185","84","7"
"1986年度","兵庫県 神戸市 東灘区","","***","1,038","1,336","280"
"1986年度","兵庫県 神戸市 灘区","","***","917","767","215"
"1986年度","兵庫県 神戸市 兵庫区","","***","1,228","767","267"
"1986年度","兵庫県 神戸市 長田区","","***","1,262","720","286"
"1986年度","兵庫県 神戸市 須磨区","","***","970","921","253"
"1986年度","兵庫県 神戸市 垂水区","","***","1,086","1,610","341"
"1986年度","兵庫県 神戸市 北区","","***","976","862","264"
"1986年度","兵庫県 神戸市 中央区","","***","922","784","268"
"1986年度","兵庫県 神戸市 西区","","***","687","599","155"
"1986年度","兵庫県 姫路市","","***","3,203","3,104","717"
"1986年度","兵庫県 尼崎市","","***","3,087","3,544","898"
"1986年度","兵庫県 明石市","","***","1,456","1,538","377"
"1986年度","兵庫県 西宮市","","***","2,258","2,682","581"
"1986年度","兵庫県 洲本市","","***","497","292","54"
"1986年度","兵庫県 芦屋市","","***","511","581","137"
"1986年度","兵庫県 伊丹市","","***","789","1,183","224"
"1986年度","兵庫県 相生市","","***","287","178","40"
"1986年度","兵庫県 豊岡市","","***","827","433","77"
"1986年度","兵庫県 加古川市","","***","1,242","1,293","315"
"1986年度","兵庫県 赤穂市","","***","371","276","41"
"1986年度","兵庫県 西脇市","","***","333","241","48"
"1986年度","兵庫県 宝塚市","","***","988","1,212","240"
"1986年度","兵庫県 三木市","","***","486","345","71"
"1986年度","兵庫県 高砂市","","***","528","519","120"
"1986年度","兵庫県 川西市","","***","720","586","120"
"1986年度","兵庫県 小野市","","***","344","235","35"
"1986年度","兵庫県 三田市","","***","282","184","30"
"1986年度","兵庫県 加西市","","***","402","286","50"
"1986年度","兵庫県 篠山市","","***","461","185","36"
"1986年度","兵庫県 養父市","","***","308","124","29"
"1986年度","兵庫県 丹波市","","***","750","327","59"
"1986年度","兵庫県 南あわじ市","","***","574","277","36"
"1986年度","兵庫県 朝来市","","***","356","170","34"
"1986年度","兵庫県 淡路市","","***","651","245","36"
"1986年度","兵庫県 宍粟市","","***","441","265","30"
"1986年度","兵庫県 加東市","","***","290","217","34"
"1986年度","兵庫県 たつの市","","***","630","426","76"
"1986年度","兵庫県 猪名川町","","***","93","49","9"
"1986年度","兵庫県 多可町","","***","237","121","14"
"1986年度","兵庫県 稲美町","","***","191","129","26"
"1986年度","兵庫県 播磨町","","***","133","141","39"
"1986年度","兵庫県 市川町","","***","123","82","11"
"1986年度","兵庫県 福崎町","","***","170","71","13"
"1986年度","兵庫県 神河町","","***","147","82","11"
"1986年度","兵庫県 太子町","","***","163","160","33"
"1986年度","兵庫県 上郡町","","***","166","79","15"
"1986年度","兵庫県 佐用町","","***","297","129","19"
"1986年度","兵庫県 香美町","","***","227","113","21"
"1986年度","兵庫県 新温泉町","","***","183","106","9"
"1985年度","兵庫県 神戸市 東灘区","","***","1,011","1,362","289"
"1985年度","兵庫県 神戸市 灘区","","***","1,024","869","199"
"1985年度","兵庫県 神戸市 兵庫区","","***","1,220","765","239"
"1985年度","兵庫県 神戸市 長田区","","***","1,354","814","273"
"1985年度","兵庫県 神戸市 須磨区","","***","943","1,005","250"
"1985年度","兵庫県 神戸市 垂水区","","***","1,054","1,684","348"
"1985年度","兵庫県 神戸市 北区","","***","914","872","244"
"1985年度","兵庫県 神戸市 中央区","","***","952","813","266"
"1985年度","兵庫県 神戸市 西区","","***","571","560","137"
"1985年度","兵庫県 姫路市","","***","3,227","3,096","649"
"1985年度","兵庫県 尼崎市","","***","3,031","3,504","855"
"1985年度","兵庫県 明石市","","***","1,426","1,554","327"
"1985年度","兵庫県 西宮市","","***","2,209","2,890","550"
"1985年度","兵庫県 洲本市","","***","538","276","54"
"1985年度","兵庫県 芦屋市","","***","520","576","151"
"1985年度","兵庫県 伊丹市","","***","830","1,262","235"
"1985年度","兵庫県 相生市","","***","282","207","39"
"1985年度","兵庫県 豊岡市","","***","835","445","86"
"1985年度","兵庫県 加古川市","","***","1,210","1,259","275"
"1985年度","兵庫県 赤穂市","","***","403","288","52"
"1985年度","兵庫県 西脇市","","***","327","254","54"
"1985年度","兵庫県 宝塚市","","***","906","1,223","231"
"1985年度","兵庫県 三木市","","***","492","349","75"
"1985年度","兵庫県 高砂市","","***","500","540","107"
"1985年度","兵庫県 川西市","","***","690","630","143"
"1985年度","兵庫県 小野市","","***","322","221","41"
"1985年度","兵庫県 三田市","","***","307","195","31"
"1985年度","兵庫県 加西市","","***","390","275","35"
"1985年度","兵庫県 篠山市","","***","452","190","33"
"1985年度","兵庫県 養父市","","***","327","180","19"
"1985年度","兵庫県 丹波市","","***","745","350","63"
"1985年度","兵庫県 南あわじ市","","***","546","324","41"
"1985年度","兵庫県 朝来市","","***","330","204","16"
"1985年度","兵庫県 淡路市","","***","645","277","31"
"1985年度","兵庫県 宍粟市","","***","457","280","43"
"1985年度","兵庫県 加東市","","***","260","197","28"
"1985年度","兵庫県 たつの市","","***","622","428","72"
"1985年度","兵庫県 猪名川町","","***","69","63","12"
"1985年度","兵庫県 多可町","","***","215","145","17"
"1985年度","兵庫県 稲美町","","***","180","110","27"
"1985年度","兵庫県 播磨町","","***","134","164","40"
"1985年度","兵庫県 市川町","","***","153","72","12"
"1985年度","兵庫県 福崎町","","***","154","106","16"
"1985年度","兵庫県 神河町","","***","123","78","10"
"1985年度","兵庫県 太子町","","***","163","140","28"
"1985年度","兵庫県 上郡町","","***","156","96","13"
"1985年度","兵庫県 佐用町","","***","299","110","17"
"1985年度","兵庫県 香美町","","***","222","140","16"
"1985年度","兵庫県 新温泉町","","***","212","102","13"
"1984年度","兵庫県 神戸市 東灘区","","***","1,118","1,357","292"
"1984年度","兵庫県 神戸市 灘区","","***","940","875","208"
"1984年度","兵庫県 神戸市 兵庫区","","***","1,307","815","276"
"1984年度","兵庫県 神戸市 長田区","","***","1,295","878","288"
"1984年度","兵庫県 神戸市 須磨区","","***","914","1,049","248"
"1984年度","兵庫県 神戸市 垂水区","","***","1,050","1,756","339"
"1984年度","兵庫県 神戸市 北区","","***","880","930","284"
"1984年度","兵庫県 神戸市 中央区","","***","913","849","271"
"1984年度","兵庫県 神戸市 西区","","***","647","491","150"
"1984年度","兵庫県 姫路市","","***","3,184","3,157","776"
"1984年度","兵庫県 尼崎市","","***","2,928","3,379","966"
"1984年度","兵庫県 明石市","","***","1,393","1,594","416"
"1984年度","兵庫県 西宮市","","***","2,175","2,739","538"
"1984年度","兵庫県 洲本市","","***","530","313","66"
"1984年度","兵庫県 芦屋市","","***","503","550","137"
"1984年度","兵庫県 伊丹市","","***","783","1,309","263"
"1984年度","兵庫県 相生市","","***","296","215","40"
"1984年度","兵庫県 豊岡市","","***","844","541","94"
"1984年度","兵庫県 加古川市","","***","1,144","1,235","286"
"1984年度","兵庫県 赤穂市","","***","390","296","43"
"1984年度","兵庫県 西脇市","","***","328","249","60"
"1984年度","兵庫県 宝塚市","","***","890","1,223","233"
"1984年度","兵庫県 三木市","","***","532","403","78"
"1984年度","兵庫県 高砂市","","***","517","514","130"
"1984年度","兵庫県 川西市","","***","604","591","148"
"1984年度","兵庫県 小野市","","***","325","247","45"
"1984年度","兵庫県 三田市","","***","292","192","52"
"1984年度","兵庫県 加西市","","***","379","284","46"
"1984年度","兵庫県 篠山市","","***","420","194","27"
"1984年度","兵庫県 養父市","","***","322","148","20"
"1984年度","兵庫県 丹波市","","***","756","390","49"
"1984年度","兵庫県 南あわじ市","","***","565","306","37"
"1984年度","兵庫県 朝来市","","***","366","214","28"
"1984年度","兵庫県 淡路市","","***","700","269","46"
"1984年度","兵庫県 宍粟市","","***","453","277","40"
"1984年度","兵庫県 加東市","","***","264","216","21"
"1984年度","兵庫県 たつの市","","***","603","437","93"
"1984年度","兵庫県 猪名川町","","***","92","49","13"
"1984年度","兵庫県 多可町","","***","200","159","15"
"1984年度","兵庫県 稲美町","","***","167","146","38"
"1984年度","兵庫県 播磨町","","***","131","178","47"
"1984年度","兵庫県 市川町","","***","135","88","8"
"1984年度","兵庫県 福崎町","","***","132","102","14"
"1984年度","兵庫県 神河町","","***","136","81","10"
"1984年度","兵庫県 太子町","","***","155","149","31"
"1984年度","兵庫県 上郡町","","***","170","93","13"
"1984年度","兵庫県 佐用町","","***","257","134","18"
"1984年度","兵庫県 香美町","","***","236","149","14"
"1984年度","兵庫県 新温泉町","","***","198","104","13"
"1983年度","兵庫県 神戸市 東灘区","","***","1,042","1,360","270"
"1983年度","兵庫県 神戸市 灘区","","***","930","903","206"
"1983年度","兵庫県 神戸市 兵庫区","","***","1,225","799","256"
"1983年度","兵庫県 神戸市 長田区","","***","1,260","919","309"
"1983年度","兵庫県 神戸市 須磨区","","***","898","1,006","278"
"1983年度","兵庫県 神戸市 垂水区","","***","994","1,808","370"
"1983年度","兵庫県 神戸市 北区","","***","848","926","249"
"1983年度","兵庫県 神戸市 中央区","","***","922","836","295"
"1983年度","兵庫県 神戸市 西区","","***","583","526","132"
"1983年度","兵庫県 姫路市","","***","3,094","3,271","807"
"1983年度","兵庫県 尼崎市","","***","2,887","3,640","969"
"1983年度","兵庫県 明石市","","***","1,423","1,628","377"
"1983年度","兵庫県 西宮市","","***","2,153","2,951","553"
"1983年度","兵庫県 洲本市","","***","500","298","58"
"1983年度","兵庫県 芦屋市","","***","487","620","118"
"1983年度","兵庫県 伊丹市","","***","781","1,320","229"
"1983年度","兵庫県 相生市","","***","298","222","45"
"1983年度","兵庫県 豊岡市","","***","768","498","81"
"1983年度","兵庫県 加古川市","","***","1,188","1,327","304"
"1983年度","兵庫県 赤穂市","","***","402","288","50"
"1983年度","兵庫県 西脇市","","***","391","250","48"
"1983年度","兵庫県 宝塚市","","***","893","1,167","208"
"1983年度","兵庫県 三木市","","***","495","404","77"
"1983年度","兵庫県 高砂市","","***","483","534","122"
"1983年度","兵庫県 川西市","","***","626","629","142"
"1983年度","兵庫県 小野市","","***","330","256","42"
"1983年度","兵庫県 三田市","","***","300","227","31"
"1983年度","兵庫県 加西市","","***","454","300","31"
"1983年度","兵庫県 篠山市","","***","456","199","44"
"1983年度","兵庫県 養父市","","***","320","187","26"
"1983年度","兵庫県 丹波市","","***","718","380","48"
"1983年度","兵庫県 南あわじ市","","***","535","286","47"
"1983年度","兵庫県 朝来市","","***","356","220","38"
"1983年度","兵庫県 淡路市","","***","622","322","47"
"1983年度","兵庫県 宍粟市","","***","488","274","32"
"1983年度","兵庫県 加東市","","***","296","222","20"
"1983年度","兵庫県 たつの市","","***","571","434","93"
"1983年度","兵庫県 猪名川町","","***","92","44","11"
"1983年度","兵庫県 多可町","","***","205","160","19"
"1983年度","兵庫県 稲美町","","***","175","138","39"
"1983年度","兵庫県 播磨町","","***","132","148","34"
"1983年度","兵庫県 市川町","","***","128","110","21"
"1983年度","兵庫県 福崎町","","***","145","105","5"
"1983年度","兵庫県 神河町","","***","139","92","19"
"1983年度","兵庫県 太子町","","***","139","149","29"
"1983年度","兵庫県 上郡町","","***","142","114","12"
"1983年度","兵庫県 佐用町","","***","284","141","19"
"1983年度","兵庫県 香美町","","***","247","140","19"
"1983年度","兵庫県 新温泉町","","***","234","110","9"
"1982年度","兵庫県 神戸市 東灘区","","***","959","1,334","236"
"1982年度","兵庫県 神戸市 灘区","","***","958","946","223"
"1982年度","兵庫県 神戸市 兵庫区","","***","1,193","862","239"
"1982年度","兵庫県 神戸市 長田区","","***","1,309","861","320"
"1982年度","兵庫県 神戸市 須磨区","","***","870","932","227"
"1982年度","兵庫県 神戸市 垂水区","","***","1,289","2,085","414"
"1982年度","兵庫県 神戸市 北区","","***","818","1,018","240"
"1982年度","兵庫県 神戸市 中央区","","***","894","897","255"
"1982年度","兵庫県 神戸市 西区","","***","224","216","45"
"1982年度","兵庫県 姫路市","","***","2,896","3,208","733"
"1982年度","兵庫県 尼崎市","","***","2,755","3,750","927"
"1982年度","兵庫県 明石市","","***","1,299","1,759","372"
"1982年度","兵庫県 西宮市","","***","2,029","3,128","519"
"1982年度","兵庫県 洲本市","","***","503","306","49"
"1982年度","兵庫県 芦屋市","","***","469","666","115"
"1982年度","兵庫県 伊丹市","","***","689","1,287","236"
"1982年度","兵庫県 相生市","","***","286","232","48"
"1982年度","兵庫県 豊岡市","","***","772","536","71"
"1982年度","兵庫県 加古川市","","***","1,160","1,349","252"
"1982年度","兵庫県 赤穂市","","***","355","305","42"
"1982年度","兵庫県 西脇市","","***","353","238","40"
"1982年度","兵庫県 宝塚市","","***","811","1,134","196"
"1982年度","兵庫県 三木市","","***","462","403","60"
"1982年度","兵庫県 高砂市","","***","471","571","101"
"1982年度","兵庫県 川西市","","***","599","690","131"
"1982年度","兵庫県 小野市","","***","287","256","39"
"1982年度","兵庫県 三田市","","***","266","243","33"
"1982年度","兵庫県 加西市","","***","382","289","37"
"1982年度","兵庫県 篠山市","","***","411","228","28"
"1982年度","兵庫県 養父市","","***","353","183","19"
"1982年度","兵庫県 丹波市","","***","754","405","64"
"1982年度","兵庫県 南あわじ市","","***","536","351","47"
"1982年度","兵庫県 朝来市","","***","367","223","28"
"1982年度","兵庫県 淡路市","","***","651","332","46"
"1982年度","兵庫県 宍粟市","","***","412","283","26"
"1982年度","兵庫県 加東市","","***","271","204","27"
"1982年度","兵庫県 たつの市","","***","639","441","58"
"1982年度","兵庫県 猪名川町","","***","84","42","3"
"1982年度","兵庫県 多可町","","***","227","139","20"
"1982年度","兵庫県 稲美町","","***","196","129","12"
"1982年度","兵庫県 播磨町","","***","106","189","27"
"1982年度","兵庫県 市川町","","***","137","108","12"
"1982年度","兵庫県 福崎町","","***","154","89","12"
"1982年度","兵庫県 神河町","","***","120","94","6"
"1982年度","兵庫県 太子町","","***","135","153","30"
"1982年度","兵庫県 上郡町","","***","139","104","15"
"1982年度","兵庫県 佐用町","","***","287","128","23"
"1982年度","兵庫県 香美町","","***","243","166","14"
"1982年度","兵庫県 新温泉町","","***","214","114","13"
"1981年度","兵庫県 神戸市 東灘区","","***","994","1,342","224"
"1981年度","兵庫県 神戸市 灘区","","***","1,025","953","245"
"1981年度","兵庫県 神戸市 兵庫区","","***","1,286","834","230"
"1981年度","兵庫県 神戸市 長田区","","***","1,355","903","281"
"1981年度","兵庫県 神戸市 須磨区","","***","815","895","194"
"1981年度","兵庫県 神戸市 垂水区","","***","1,503","2,161","402"
"1981年度","兵庫県 神戸市 北区","","***","833","1,014","225"
"1981年度","兵庫県 神戸市 中央区","","***","926","858","221"
"1981年度","兵庫県 姫路市","","***","3,078","3,339","677"
"1981年度","兵庫県 尼崎市","","***","2,924","3,499","919"
"1981年度","兵庫県 明石市","","***","1,329","1,789","320"
"1981年度","兵庫県 西宮市","","***","2,040","2,836","508"
"1981年度","兵庫県 洲本市","","***","529","292","67"
"1981年度","兵庫県 芦屋市","","***","453","583","113"
"1981年度","兵庫県 伊丹市","","***","771","1,252","209"
"1981年度","兵庫県 相生市","","***","289","204","35"
"1981年度","兵庫県 豊岡市","","***","817","563","92"
"1981年度","兵庫県 加古川市","","***","1,154","1,290","223"
"1981年度","兵庫県 赤穂市","","***","393","269","41"
"1981年度","兵庫県 西脇市","","***","296","275","40"
"1981年度","兵庫県 宝塚市","","***","807","1,238","188"
"1981年度","兵庫県 三木市","","***","455","385","79"
"1981年度","兵庫県 高砂市","","***","473","548","90"
"1981年度","兵庫県 川西市","","***","554","663","144"
"1981年度","兵庫県 小野市","","***","300","246","30"
"1981年度","兵庫県 三田市","","***","264","224","37"
"1981年度","兵庫県 加西市","","***","408","333","30"
"1981年度","兵庫県 篠山市","","***","440","220","31"
"1981年度","兵庫県 養父市","","***","324","173","20"
"1981年度","兵庫県 丹波市","","***","699","396","60"
"1981年度","兵庫県 南あわじ市","","***","539","327","29"
"1981年度","兵庫県 朝来市","","***","345","207","25"
"1981年度","兵庫県 淡路市","","***","643","269","46"
"1981年度","兵庫県 宍粟市","","***","480","301","36"
"1981年度","兵庫県 加東市","","***","258","196","19"
"1981年度","兵庫県 たつの市","","***","608","463","77"
"1981年度","兵庫県 猪名川町","","***","71","45","9"
"1981年度","兵庫県 多可町","","***","237","170","21"
"1981年度","兵庫県 稲美町","","***","188","138","12"
"1981年度","兵庫県 播磨町","","***","111","148","24"
"1981年度","兵庫県 市川町","","***","129","106","16"
"1981年度","兵庫県 福崎町","","***","157","99","14"
"1981年度","兵庫県 神河町","","***","128","83","11"
"1981年度","兵庫県 太子町","","***","147","140","32"
"1981年度","兵庫県 上郡町","","***","139","117","15"
"1981年度","兵庫県 佐用町","","***","299","130","14"
"1981年度","兵庫県 香美町","","***","223","128","19"
"1981年度","兵庫県 新温泉町","","***","217","111","6"
"1980年度","兵庫県 神戸市 東灘区","","***","978","1,403","232"
"1980年度","兵庫県 神戸市 灘区","","***","972","984","192"
"1980年度","兵庫県 神戸市 兵庫区","","***","1,251","871","230"
"1980年度","兵庫県 神戸市 長田区","","***","1,316","868","255"
"1980年度","兵庫県 神戸市 須磨区","","***","833","925","181"
"1980年度","兵庫県 神戸市 垂水区","","***","1,426","2,125","340"
"1980年度","兵庫県 神戸市 北区","","***","811","996","210"
"1980年度","兵庫県 神戸市 中央区","","***","905","777","229"
"1980年度","兵庫県 姫路市","","***","3,186","3,266","604"
"1980年度","兵庫県 尼崎市","","***","2,766","3,979","796"
"1980年度","兵庫県 明石市","","***","1,278","1,755","284"
"1980年度","兵庫県 西宮市","","***","2,041","2,952","451"
"1980年度","兵庫県 洲本市","","***","546","292","37"
"1980年度","兵庫県 芦屋市","","***","449","670","96"
"1980年度","兵庫県 伊丹市","","***","726","1,296","203"
"1980年度","兵庫県 相生市","","***","318","258","50"
"1980年度","兵庫県 豊岡市","","***","837","471","74"
"1980年度","兵庫県 加古川市","","***","1,058","1,214","208"
"1980年度","兵庫県 赤穂市","","***","373","331","29"
"1980年度","兵庫県 西脇市","","***","325","256","37"
"1980年度","兵庫県 宝塚市","","***","835","1,182","190"
"1980年度","兵庫県 三木市","","***","485","439","48"
"1980年度","兵庫県 高砂市","","***","461","561","82"
"1980年度","兵庫県 川西市","","***","607","655","134"
"1980年度","兵庫県 小野市","","***","269","265","22"
"1980年度","兵庫県 三田市","","***","279","197","33"
"1980年度","兵庫県 加西市","","***","398","306","31"
"1980年度","兵庫県 篠山市","","***","459","192","26"
"1980年度","兵庫県 養父市","","***","325","167","17"
"1980年度","兵庫県 丹波市","","***","743","457","40"
"1980年度","兵庫県 南あわじ市","","***","572","338","40"
"1980年度","兵庫県 朝来市","","***","351","224","26"
"1980年度","兵庫県 淡路市","","***","627","297","27"
"1980年度","兵庫県 宍粟市","","***","454","303","36"
"1980年度","兵庫県 加東市","","***","289","194","22"
"1980年度","兵庫県 たつの市","","***","581","399","54"
"1980年度","兵庫県 猪名川町","","***","60","43","11"
"1980年度","兵庫県 多可町","","***","229","151","10"
"1980年度","兵庫県 稲美町","","***","162","146","18"
"1980年度","兵庫県 播磨町","","***","119","180","31"
"1980年度","兵庫県 市川町","","***","129","97","11"
"1980年度","兵庫県 福崎町","","***","142","80","15"
"1980年度","兵庫県 神河町","","***","138","84","8"
"1980年度","兵庫県 太子町","","***","155","134","19"
"1980年度","兵庫県 上郡町","","***","165","108","18"
"1980年度","兵庫県 佐用町","","***","325","135","14"
"1980年度","兵庫県 香美町","","***","296","149","14"
"1980年度","兵庫県 新温泉町","","***","225","108","12"
